track_name,artist_name,uri,danceability,energy,key,loudness,mode,speechiness,acousticness,instrumentalness,liveness,valence,tempo,type,id,uri,track_href,analysis_url,duration_ms,time_signature
Sueño en Paraguay - El Búho Remix,Chancha Via Circuito,spotify:track:24Ppb6GaBRREID9uMlTTSg,0.663,0.799,8,-5.992,0,0.0352,0.0722,0.9,0.103,0.3,90.792,audio_features,24Ppb6GaBRREID9uMlTTSg,spotify:track:24Ppb6GaBRREID9uMlTTSg,https://api.spotify.com/v1/tracks/24Ppb6GaBRREID9uMlTTSg,https://api.spotify.com/v1/audio-analysis/24Ppb6GaBRREID9uMlTTSg,239417,4
Sueño en Paraguay - El Búho Remix,El Búho,spotify:track:24Ppb6GaBRREID9uMlTTSg,0.663,0.799,8,-5.992,0,0.0352,0.0722,0.9,0.103,0.3,90.792,audio_features,24Ppb6GaBRREID9uMlTTSg,spotify:track:24Ppb6GaBRREID9uMlTTSg,https://api.spotify.com/v1/tracks/24Ppb6GaBRREID9uMlTTSg,https://api.spotify.com/v1/audio-analysis/24Ppb6GaBRREID9uMlTTSg,239417,4
Guacamayo Ara Macao,La Gallera Social Club,spotify:track:3dTjTtdewJ6T1Q8VjRibZh,0.803,0.584,11,-8.563,0,0.123,0.0241,0.574,0.0847,0.713,95.002,audio_features,3dTjTtdewJ6T1Q8VjRibZh,spotify:track:3dTjTtdewJ6T1Q8VjRibZh,https://api.spotify.com/v1/tracks/3dTjTtdewJ6T1Q8VjRibZh,https://api.spotify.com/v1/audio-analysis/3dTjTtdewJ6T1Q8VjRibZh,346107,4
Quincha,Montoya,spotify:track:1ktwwtPkM8yY0LYKRER84S,0.702,0.593,5,-9.75,1,0.0415,0.0177,0.744,0.113,0.623,119.981,audio_features,1ktwwtPkM8yY0LYKRER84S,spotify:track:1ktwwtPkM8yY0LYKRER84S,https://api.spotify.com/v1/tracks/1ktwwtPkM8yY0LYKRER84S,https://api.spotify.com/v1/audio-analysis/1ktwwtPkM8yY0LYKRER84S,393000,4
Rabia,Umoja,spotify:track:3t0jdtXL8Ya9gNaCDPWTjK,0.807,0.538,8,-9.415,0,0.0938,0.00498,0.786,0.0793,0.559,89.995,audio_features,3t0jdtXL8Ya9gNaCDPWTjK,spotify:track:3t0jdtXL8Ya9gNaCDPWTjK,https://api.spotify.com/v1/tracks/3t0jdtXL8Ya9gNaCDPWTjK,https://api.spotify.com/v1/audio-analysis/3t0jdtXL8Ya9gNaCDPWTjK,224000,4
Mi Sueño,Populous,spotify:track:2zvSh7tUDjh574V4U74qMU,0.868,0.652,9,-6.46,0,0.0489,0.155,0.795,0.085,0.601,118.032,audio_features,2zvSh7tUDjh574V4U74qMU,spotify:track:2zvSh7tUDjh574V4U74qMU,https://api.spotify.com/v1/tracks/2zvSh7tUDjh574V4U74qMU,https://api.spotify.com/v1/audio-analysis/2zvSh7tUDjh574V4U74qMU,273966,4
Qhapaq Ñan,Frente Tunupa,spotify:track:57m2EdFh6QMSOyRxBqV7lU,0.608,0.826,1,-9.411,1,0.0796,0.285,0.0536,0.31,0.799,173.99,audio_features,57m2EdFh6QMSOyRxBqV7lU,spotify:track:57m2EdFh6QMSOyRxBqV7lU,https://api.spotify.com/v1/tracks/57m2EdFh6QMSOyRxBqV7lU,https://api.spotify.com/v1/audio-analysis/57m2EdFh6QMSOyRxBqV7lU,215172,4
Ototoa,Malphino,spotify:track:4SEy3HRvR2fB0WvFZzKQpB,0.747,0.598,7,-9.212,0,0.071,0.516,0.00256,0.377,0.806,90.452,audio_features,4SEy3HRvR2fB0WvFZzKQpB,spotify:track:4SEy3HRvR2fB0WvFZzKQpB,https://api.spotify.com/v1/tracks/4SEy3HRvR2fB0WvFZzKQpB,https://api.spotify.com/v1/audio-analysis/4SEy3HRvR2fB0WvFZzKQpB,255533,4
Raíces Profundas,Temoaya,spotify:track:7r5txKc3Ljy1nToNmicID2,0.743,0.53,2,-10.766,1,0.0794,0.142,0.86,0.131,0.381,99.989,audio_features,7r5txKc3Ljy1nToNmicID2,spotify:track:7r5txKc3Ljy1nToNmicID2,https://api.spotify.com/v1/tracks/7r5txKc3Ljy1nToNmicID2,https://api.spotify.com/v1/audio-analysis/7r5txKc3Ljy1nToNmicID2,225600,4
Tecolotin,El Búho,spotify:track:09KSKjuieY3ekdNN2H1jrC,0.709,0.637,3,-8.392,0,0.0509,0.21,0.704,0.171,0.817,171.979,audio_features,09KSKjuieY3ekdNN2H1jrC,spotify:track:09KSKjuieY3ekdNN2H1jrC,https://api.spotify.com/v1/tracks/09KSKjuieY3ekdNN2H1jrC,https://api.spotify.com/v1/audio-analysis/09KSKjuieY3ekdNN2H1jrC,262326,4
Cumbia Espacial,Ondatrópica,spotify:track:7eVJeKvIDJxypSLzzzcBdz,0.703,0.891,10,-8.15,0,0.0486,0.375,0.743,0.159,0.759,91.406,audio_features,7eVJeKvIDJxypSLzzzcBdz,spotify:track:7eVJeKvIDJxypSLzzzcBdz,https://api.spotify.com/v1/tracks/7eVJeKvIDJxypSLzzzcBdz,https://api.spotify.com/v1/audio-analysis/7eVJeKvIDJxypSLzzzcBdz,245280,4
Chan Chara,JAJA,spotify:track:7xcosKFNEVFYycrAPyINAD,0.497,0.414,9,-14.626,1,0.133,0.293,0.879,0.108,0.511,201.947,audio_features,7xcosKFNEVFYycrAPyINAD,spotify:track:7xcosKFNEVFYycrAPyINAD,https://api.spotify.com/v1/tracks/7xcosKFNEVFYycrAPyINAD,https://api.spotify.com/v1/audio-analysis/7xcosKFNEVFYycrAPyINAD,301485,3
Na Rúa (feat. Carrot Green),Barrio Lindo,spotify:track:3UrzlczJU6BWEdzuSGcHCO,0.789,0.523,2,-9.568,1,0.116,0.183,0.447,0.101,0.312,100.017,audio_features,3UrzlczJU6BWEdzuSGcHCO,spotify:track:3UrzlczJU6BWEdzuSGcHCO,https://api.spotify.com/v1/tracks/3UrzlczJU6BWEdzuSGcHCO,https://api.spotify.com/v1/audio-analysis/3UrzlczJU6BWEdzuSGcHCO,241541,4
Na Rúa (feat. Carrot Green),Carrot Green,spotify:track:3UrzlczJU6BWEdzuSGcHCO,0.789,0.523,2,-9.568,1,0.116,0.183,0.447,0.101,0.312,100.017,audio_features,3UrzlczJU6BWEdzuSGcHCO,spotify:track:3UrzlczJU6BWEdzuSGcHCO,https://api.spotify.com/v1/tracks/3UrzlczJU6BWEdzuSGcHCO,https://api.spotify.com/v1/audio-analysis/3UrzlczJU6BWEdzuSGcHCO,241541,4
Sr. Tigre (French Braids Rework),YoSoyMatt,spotify:track:5tzPFYc2SwCkMIGZMhagS2,0.734,0.554,2,-9.479,0,0.0323,0.0813,0.397,0.205,0.338,102.986,audio_features,5tzPFYc2SwCkMIGZMhagS2,spotify:track:5tzPFYc2SwCkMIGZMhagS2,https://api.spotify.com/v1/tracks/5tzPFYc2SwCkMIGZMhagS2,https://api.spotify.com/v1/audio-analysis/5tzPFYc2SwCkMIGZMhagS2,212621,4
Sr. Tigre (French Braids Rework),Eva de Marce,spotify:track:5tzPFYc2SwCkMIGZMhagS2,0.734,0.554,2,-9.479,0,0.0323,0.0813,0.397,0.205,0.338,102.986,audio_features,5tzPFYc2SwCkMIGZMhagS2,spotify:track:5tzPFYc2SwCkMIGZMhagS2,https://api.spotify.com/v1/tracks/5tzPFYc2SwCkMIGZMhagS2,https://api.spotify.com/v1/audio-analysis/5tzPFYc2SwCkMIGZMhagS2,212621,4
Sr. Tigre (French Braids Rework),French Braids,spotify:track:5tzPFYc2SwCkMIGZMhagS2,0.734,0.554,2,-9.479,0,0.0323,0.0813,0.397,0.205,0.338,102.986,audio_features,5tzPFYc2SwCkMIGZMhagS2,spotify:track:5tzPFYc2SwCkMIGZMhagS2,https://api.spotify.com/v1/tracks/5tzPFYc2SwCkMIGZMhagS2,https://api.spotify.com/v1/audio-analysis/5tzPFYc2SwCkMIGZMhagS2,212621,4
El Abuelo,Rodrigo Gallardo,spotify:track:1cmjjbzi9Hqe6IgHbB7gBp,0.865,0.371,9,-10.795,1,0.12,0.0305,0.862,0.107,0.307,115.027,audio_features,1cmjjbzi9Hqe6IgHbB7gBp,spotify:track:1cmjjbzi9Hqe6IgHbB7gBp,https://api.spotify.com/v1/tracks/1cmjjbzi9Hqe6IgHbB7gBp,https://api.spotify.com/v1/audio-analysis/1cmjjbzi9Hqe6IgHbB7gBp,331159,4
El Abuelo,Fernando Milagros,spotify:track:1cmjjbzi9Hqe6IgHbB7gBp,0.865,0.371,9,-10.795,1,0.12,0.0305,0.862,0.107,0.307,115.027,audio_features,1cmjjbzi9Hqe6IgHbB7gBp,spotify:track:1cmjjbzi9Hqe6IgHbB7gBp,https://api.spotify.com/v1/tracks/1cmjjbzi9Hqe6IgHbB7gBp,https://api.spotify.com/v1/audio-analysis/1cmjjbzi9Hqe6IgHbB7gBp,331159,4
Qoychuquy,Psilosamples,spotify:track:2DRRTVbs30PBkGy7GvYTLt,0.8,0.538,8,-10.416,0,0.0464,0.22,0.711,0.0747,0.0421,110.016,audio_features,2DRRTVbs30PBkGy7GvYTLt,spotify:track:2DRRTVbs30PBkGy7GvYTLt,https://api.spotify.com/v1/tracks/2DRRTVbs30PBkGy7GvYTLt,https://api.spotify.com/v1/audio-analysis/2DRRTVbs30PBkGy7GvYTLt,243415,4
Temazcal,Matanza,spotify:track:0SOG7VMrKYCHoMRYqS9fjK,0.879,0.626,6,-12.034,1,0.232,0.015,0.749,0.0897,0.433,126.004,audio_features,0SOG7VMrKYCHoMRYqS9fjK,spotify:track:0SOG7VMrKYCHoMRYqS9fjK,https://api.spotify.com/v1/tracks/0SOG7VMrKYCHoMRYqS9fjK,https://api.spotify.com/v1/audio-analysis/0SOG7VMrKYCHoMRYqS9fjK,251429,4
El Molino feat. Laura Romero - Mixed,Mula (FR),spotify:track:2vfOtlWLbMYGXYN6xRHWXQ,0.701,0.688,7,-15.454,0,0.0395,0.0425,0.899,0.0944,0.191,112.001,audio_features,2vfOtlWLbMYGXYN6xRHWXQ,spotify:track:2vfOtlWLbMYGXYN6xRHWXQ,https://api.spotify.com/v1/tracks/2vfOtlWLbMYGXYN6xRHWXQ,https://api.spotify.com/v1/audio-analysis/2vfOtlWLbMYGXYN6xRHWXQ,394292,4
Tallo y Espíritu,Quixosis,spotify:track:1Z8U7OVYzyeFkGKKI6zYgl,0.525,0.525,9,-11.519,0,0.16,0.0795,0.577,0.346,0.326,98.953,audio_features,1Z8U7OVYzyeFkGKKI6zYgl,spotify:track:1Z8U7OVYzyeFkGKKI6zYgl,https://api.spotify.com/v1/tracks/1Z8U7OVYzyeFkGKKI6zYgl,https://api.spotify.com/v1/audio-analysis/1Z8U7OVYzyeFkGKKI6zYgl,377749,4
Minca,Yeahman,spotify:track:0eEqS66AfoU8IW8ejoZRvf,0.834,0.522,6,-12.482,0,0.152,0.401,0.763,0.129,0.41,99.984,audio_features,0eEqS66AfoU8IW8ejoZRvf,spotify:track:0eEqS66AfoU8IW8ejoZRvf,https://api.spotify.com/v1/tracks/0eEqS66AfoU8IW8ejoZRvf,https://api.spotify.com/v1/audio-analysis/0eEqS66AfoU8IW8ejoZRvf,246317,4
Añoranza en las Yungas (El Búho Remix),Lagartijeando,spotify:track:4njoxZ2U7gx7fN3obZaKGa,0.618,0.644,9,-7.773,0,0.0522,0.137,0.243,0.172,0.499,89.957,audio_features,4njoxZ2U7gx7fN3obZaKGa,spotify:track:4njoxZ2U7gx7fN3obZaKGa,https://api.spotify.com/v1/tracks/4njoxZ2U7gx7fN3obZaKGa,https://api.spotify.com/v1/audio-analysis/4njoxZ2U7gx7fN3obZaKGa,258876,4
Añoranza en las Yungas (El Búho Remix),El Búho,spotify:track:4njoxZ2U7gx7fN3obZaKGa,0.618,0.644,9,-7.773,0,0.0522,0.137,0.243,0.172,0.499,89.957,audio_features,4njoxZ2U7gx7fN3obZaKGa,spotify:track:4njoxZ2U7gx7fN3obZaKGa,https://api.spotify.com/v1/tracks/4njoxZ2U7gx7fN3obZaKGa,https://api.spotify.com/v1/audio-analysis/4njoxZ2U7gx7fN3obZaKGa,258876,4
Ancestors - Shamans Dream & Poranguí Remix,Poranguí,spotify:track:7gxRkpDymJQKPMAame5c29,0.772,0.413,11,-11.382,0,0.0879,0.115,0.0321,0.304,0.369,129.011,audio_features,7gxRkpDymJQKPMAame5c29,spotify:track:7gxRkpDymJQKPMAame5c29,https://api.spotify.com/v1/tracks/7gxRkpDymJQKPMAame5c29,https://api.spotify.com/v1/audio-analysis/7gxRkpDymJQKPMAame5c29,407365,3
Ancestors - Shamans Dream & Poranguí Remix,Shaman's Dream,spotify:track:7gxRkpDymJQKPMAame5c29,0.772,0.413,11,-11.382,0,0.0879,0.115,0.0321,0.304,0.369,129.011,audio_features,7gxRkpDymJQKPMAame5c29,spotify:track:7gxRkpDymJQKPMAame5c29,https://api.spotify.com/v1/tracks/7gxRkpDymJQKPMAame5c29,https://api.spotify.com/v1/audio-analysis/7gxRkpDymJQKPMAame5c29,407365,3
El Camino De Mi Alma,Hermanos Gutiérrez,spotify:track:6Jfpv3vvfobay7uYVxWXog,0.473,0.388,11,-17.334,0,0.0388,0.382,0.72,0.219,0.0943,90.204,audio_features,6Jfpv3vvfobay7uYVxWXog,spotify:track:6Jfpv3vvfobay7uYVxWXog,https://api.spotify.com/v1/tracks/6Jfpv3vvfobay7uYVxWXog,https://api.spotify.com/v1/audio-analysis/6Jfpv3vvfobay7uYVxWXog,361000,4
Porque Estás Triste,Savia Andina,spotify:track:1L694elylE5hZLg33d3KIO,0.553,0.288,3,-16.386,1,0.0534,0.886,0.236,0.106,0.591,74.454,audio_features,1L694elylE5hZLg33d3KIO,spotify:track:1L694elylE5hZLg33d3KIO,https://api.spotify.com/v1/tracks/1L694elylE5hZLg33d3KIO,https://api.spotify.com/v1/audio-analysis/1L694elylE5hZLg33d3KIO,213067,4
Mirando El Fuego,El Búho,spotify:track:7bLuttK3tjKJhvfs5WZL9D,0.654,0.569,2,-11.115,0,0.0323,0.78,0.147,0.248,0.319,97.018,audio_features,7bLuttK3tjKJhvfs5WZL9D,spotify:track:7bLuttK3tjKJhvfs5WZL9D,https://api.spotify.com/v1/tracks/7bLuttK3tjKJhvfs5WZL9D,https://api.spotify.com/v1/audio-analysis/7bLuttK3tjKJhvfs5WZL9D,341500,4
Mirando El Fuego,Joaquín Cornejo,spotify:track:7bLuttK3tjKJhvfs5WZL9D,0.654,0.569,2,-11.115,0,0.0323,0.78,0.147,0.248,0.319,97.018,audio_features,7bLuttK3tjKJhvfs5WZL9D,spotify:track:7bLuttK3tjKJhvfs5WZL9D,https://api.spotify.com/v1/tracks/7bLuttK3tjKJhvfs5WZL9D,https://api.spotify.com/v1/audio-analysis/7bLuttK3tjKJhvfs5WZL9D,341500,4
Mirando El Fuego,Minuk,spotify:track:7bLuttK3tjKJhvfs5WZL9D,0.654,0.569,2,-11.115,0,0.0323,0.78,0.147,0.248,0.319,97.018,audio_features,7bLuttK3tjKJhvfs5WZL9D,spotify:track:7bLuttK3tjKJhvfs5WZL9D,https://api.spotify.com/v1/tracks/7bLuttK3tjKJhvfs5WZL9D,https://api.spotify.com/v1/audio-analysis/7bLuttK3tjKJhvfs5WZL9D,341500,4
Corazon de Rubi,El Búho,spotify:track:4ZNIMDo5YS5blN6MsN0tL9,0.422,0.334,11,-15.56,0,0.0355,0.792,0.244,0.0848,0.645,132.033,audio_features,4ZNIMDo5YS5blN6MsN0tL9,spotify:track:4ZNIMDo5YS5blN6MsN0tL9,https://api.spotify.com/v1/tracks/4ZNIMDo5YS5blN6MsN0tL9,https://api.spotify.com/v1/audio-analysis/4ZNIMDo5YS5blN6MsN0tL9,254816,3
Corazon de Rubi,Minuk,spotify:track:4ZNIMDo5YS5blN6MsN0tL9,0.422,0.334,11,-15.56,0,0.0355,0.792,0.244,0.0848,0.645,132.033,audio_features,4ZNIMDo5YS5blN6MsN0tL9,spotify:track:4ZNIMDo5YS5blN6MsN0tL9,https://api.spotify.com/v1/tracks/4ZNIMDo5YS5blN6MsN0tL9,https://api.spotify.com/v1/audio-analysis/4ZNIMDo5YS5blN6MsN0tL9,254816,3
Cura Cura,Kama Lila Sol,spotify:track:5oBzeQbcMOW4q6hNBnQw30,0.363,0.456,7,-9.077,1,0.028,0.931,0.828,0.0963,0.268,109.017,audio_features,5oBzeQbcMOW4q6hNBnQw30,spotify:track:5oBzeQbcMOW4q6hNBnQw30,https://api.spotify.com/v1/tracks/5oBzeQbcMOW4q6hNBnQw30,https://api.spotify.com/v1/audio-analysis/5oBzeQbcMOW4q6hNBnQw30,354146,4
Abuelo Jaguar,Minuk,spotify:track:78vb3vpPpvzMPz4n9SD7IF,0.456,0.257,9,-13.851,1,0.037,0.797,0.00584,0.0809,0.33,177.088,audio_features,78vb3vpPpvzMPz4n9SD7IF,spotify:track:78vb3vpPpvzMPz4n9SD7IF,https://api.spotify.com/v1/tracks/78vb3vpPpvzMPz4n9SD7IF,https://api.spotify.com/v1/audio-analysis/78vb3vpPpvzMPz4n9SD7IF,295147,3
Paso Por El Fuego (feat. Mafé Tula),Di Laif,spotify:track:2untweR6vKgPN9mKEBPq7f,0.505,0.646,2,-9.04,0,0.103,0.434,0.674,0.112,0.395,79.472,audio_features,2untweR6vKgPN9mKEBPq7f,spotify:track:2untweR6vKgPN9mKEBPq7f,https://api.spotify.com/v1/tracks/2untweR6vKgPN9mKEBPq7f,https://api.spotify.com/v1/audio-analysis/2untweR6vKgPN9mKEBPq7f,332830,3
Paso Por El Fuego (feat. Mafé Tula),Mafé Tula,spotify:track:2untweR6vKgPN9mKEBPq7f,0.505,0.646,2,-9.04,0,0.103,0.434,0.674,0.112,0.395,79.472,audio_features,2untweR6vKgPN9mKEBPq7f,spotify:track:2untweR6vKgPN9mKEBPq7f,https://api.spotify.com/v1/tracks/2untweR6vKgPN9mKEBPq7f,https://api.spotify.com/v1/audio-analysis/2untweR6vKgPN9mKEBPq7f,332830,3
Sagitta,Numa Gama,spotify:track:2Ispz9IR8dYUTKZV4aTP8w,0.702,0.303,7,-10.854,1,0.093,0.331,0.735,0.105,0.114,192.013,audio_features,2Ispz9IR8dYUTKZV4aTP8w,spotify:track:2Ispz9IR8dYUTKZV4aTP8w,https://api.spotify.com/v1/tracks/2Ispz9IR8dYUTKZV4aTP8w,https://api.spotify.com/v1/audio-analysis/2Ispz9IR8dYUTKZV4aTP8w,419418,4
Cumbia del Olvido,Nicola Cruz,spotify:track:5pU9azu0VQIUk2nTUVxwxY,0.71,0.312,1,-11.451,0,0.0857,0.938,0.909,0.109,0.25,169.955,audio_features,5pU9azu0VQIUk2nTUVxwxY,spotify:track:5pU9azu0VQIUk2nTUVxwxY,https://api.spotify.com/v1/tracks/5pU9azu0VQIUk2nTUVxwxY,https://api.spotify.com/v1/audio-analysis/5pU9azu0VQIUk2nTUVxwxY,216015,4
La Luna y el Lobo (Jhon Montoya Expedition),Matanza,spotify:track:6SZyK0T4Om4LZ8tGbm9keV,0.613,0.417,0,-11.043,1,0.0469,0.246,0.683,0.126,0.164,179.995,audio_features,6SZyK0T4Om4LZ8tGbm9keV,spotify:track:6SZyK0T4Om4LZ8tGbm9keV,https://api.spotify.com/v1/tracks/6SZyK0T4Om4LZ8tGbm9keV,https://api.spotify.com/v1/audio-analysis/6SZyK0T4Om4LZ8tGbm9keV,308427,4
La Luna y el Lobo (Jhon Montoya Expedition),Oceanvs Orientalis,spotify:track:6SZyK0T4Om4LZ8tGbm9keV,0.613,0.417,0,-11.043,1,0.0469,0.246,0.683,0.126,0.164,179.995,audio_features,6SZyK0T4Om4LZ8tGbm9keV,spotify:track:6SZyK0T4Om4LZ8tGbm9keV,https://api.spotify.com/v1/tracks/6SZyK0T4Om4LZ8tGbm9keV,https://api.spotify.com/v1/audio-analysis/6SZyK0T4Om4LZ8tGbm9keV,308427,4
Guarania (En Vivo),Nación Ekeko,spotify:track:1VYbzGfxfwTHBe0OTNncXL,0.661,0.35,1,-17.513,1,0.052,0.629,0.724,0.229,0.233,135.028,audio_features,1VYbzGfxfwTHBe0OTNncXL,spotify:track:1VYbzGfxfwTHBe0OTNncXL,https://api.spotify.com/v1/tracks/1VYbzGfxfwTHBe0OTNncXL,https://api.spotify.com/v1/audio-analysis/1VYbzGfxfwTHBe0OTNncXL,266667,4
Apnée,Xique-Xique,spotify:track:1fXIAydFaPYya5MciNFnvR,0.88,0.483,8,-9.842,1,0.0911,0.0205,0.786,0.148,0.15,107.002,audio_features,1fXIAydFaPYya5MciNFnvR,spotify:track:1fXIAydFaPYya5MciNFnvR,https://api.spotify.com/v1/tracks/1fXIAydFaPYya5MciNFnvR,https://api.spotify.com/v1/audio-analysis/1fXIAydFaPYya5MciNFnvR,352159,4
Mantis - L_Cio Remix,Nicola Cruz,spotify:track:1GnVOtr5WwnaMR79fiDPgv,0.78,0.769,7,-7.602,1,0.0439,0.109,0.884,0.066,0.437,111.003,audio_features,1GnVOtr5WwnaMR79fiDPgv,spotify:track:1GnVOtr5WwnaMR79fiDPgv,https://api.spotify.com/v1/tracks/1GnVOtr5WwnaMR79fiDPgv,https://api.spotify.com/v1/audio-analysis/1GnVOtr5WwnaMR79fiDPgv,460541,4
Manana Tepotzlan,El Búho,spotify:track:73myc2rii2DVG3HpTkGOnl,0.61,0.549,10,-8.98,1,0.275,0.262,1.86e-06,0.141,0.38,79.999,audio_features,73myc2rii2DVG3HpTkGOnl,spotify:track:73myc2rii2DVG3HpTkGOnl,https://api.spotify.com/v1/tracks/73myc2rii2DVG3HpTkGOnl,https://api.spotify.com/v1/audio-analysis/73myc2rii2DVG3HpTkGOnl,240000,4
Ayahuasca,NTO,spotify:track:4Q6RvWBZDZ4RizihpbG3qU,0.681,0.474,7,-9.862,0,0.483,0.357,0.502,0.113,0.564,123.013,audio_features,4Q6RvWBZDZ4RizihpbG3qU,spotify:track:4Q6RvWBZDZ4RizihpbG3qU,https://api.spotify.com/v1/tracks/4Q6RvWBZDZ4RizihpbG3qU,https://api.spotify.com/v1/audio-analysis/4Q6RvWBZDZ4RizihpbG3qU,418702,4
Atahualpa,Nación Ekeko,spotify:track:19d9NJpNn4ZGYxcqzCrM7K,0.63,0.677,0,-8.752,1,0.0476,0.163,0.537,0.228,0.631,170.061,audio_features,19d9NJpNn4ZGYxcqzCrM7K,spotify:track:19d9NJpNn4ZGYxcqzCrM7K,https://api.spotify.com/v1/tracks/19d9NJpNn4ZGYxcqzCrM7K,https://api.spotify.com/v1/audio-analysis/19d9NJpNn4ZGYxcqzCrM7K,245288,4
Miniyamba,Yeahman,spotify:track:5LLfL25W8ELqVXOLBhkJOP,0.702,0.508,4,-9.474,0,0.0457,0.545,0.955,0.915,0.659,89.004,audio_features,5LLfL25W8ELqVXOLBhkJOP,spotify:track:5LLfL25W8ELqVXOLBhkJOP,https://api.spotify.com/v1/tracks/5LLfL25W8ELqVXOLBhkJOP,https://api.spotify.com/v1/audio-analysis/5LLfL25W8ELqVXOLBhkJOP,250787,4
Miniyamba,Mina Shankha,spotify:track:5LLfL25W8ELqVXOLBhkJOP,0.702,0.508,4,-9.474,0,0.0457,0.545,0.955,0.915,0.659,89.004,audio_features,5LLfL25W8ELqVXOLBhkJOP,spotify:track:5LLfL25W8ELqVXOLBhkJOP,https://api.spotify.com/v1/tracks/5LLfL25W8ELqVXOLBhkJOP,https://api.spotify.com/v1/audio-analysis/5LLfL25W8ELqVXOLBhkJOP,250787,4
Miniyamba,Hajna,spotify:track:5LLfL25W8ELqVXOLBhkJOP,0.702,0.508,4,-9.474,0,0.0457,0.545,0.955,0.915,0.659,89.004,audio_features,5LLfL25W8ELqVXOLBhkJOP,spotify:track:5LLfL25W8ELqVXOLBhkJOP,https://api.spotify.com/v1/tracks/5LLfL25W8ELqVXOLBhkJOP,https://api.spotify.com/v1/audio-analysis/5LLfL25W8ELqVXOLBhkJOP,250787,4
Caravana,Zenderista,spotify:track:3U3DAn4BZ9wsZaDBcVGNv0,0.696,0.785,4,-7.685,0,0.0439,0.00591,0.877,0.104,0.578,102.999,audio_features,3U3DAn4BZ9wsZaDBcVGNv0,spotify:track:3U3DAn4BZ9wsZaDBcVGNv0,https://api.spotify.com/v1/tracks/3U3DAn4BZ9wsZaDBcVGNv0,https://api.spotify.com/v1/audio-analysis/3U3DAn4BZ9wsZaDBcVGNv0,360290,4
Pájaro,Eva de Marce,spotify:track:0kPq2bsyrh9T9t5tjCdGdX,0.559,0.377,6,-16.33,0,0.0459,0.73,0.455,0.0826,0.427,193.924,audio_features,0kPq2bsyrh9T9t5tjCdGdX,spotify:track:0kPq2bsyrh9T9t5tjCdGdX,https://api.spotify.com/v1/tracks/0kPq2bsyrh9T9t5tjCdGdX,https://api.spotify.com/v1/audio-analysis/0kPq2bsyrh9T9t5tjCdGdX,222788,4
Umza,Montoya,spotify:track:5c0DGSO5ERXXcA4Ix3uKBK,0.613,0.588,6,-9.839,0,0.031,0.0479,0.0733,0.145,0.0391,100.017,audio_features,5c0DGSO5ERXXcA4Ix3uKBK,spotify:track:5c0DGSO5ERXXcA4Ix3uKBK,https://api.spotify.com/v1/tracks/5c0DGSO5ERXXcA4Ix3uKBK,https://api.spotify.com/v1/audio-analysis/5c0DGSO5ERXXcA4Ix3uKBK,223000,4
Las Indias,Matanza,spotify:track:0oXZQauBktQA9JTOeFnzaE,0.746,0.558,8,-8.145,0,0.205,0.00876,0.875,0.14,0.404,128.135,audio_features,0oXZQauBktQA9JTOeFnzaE,spotify:track:0oXZQauBktQA9JTOeFnzaE,https://api.spotify.com/v1/tracks/0oXZQauBktQA9JTOeFnzaE,https://api.spotify.com/v1/audio-analysis/0oXZQauBktQA9JTOeFnzaE,290013,4
Chapinero,Thornato,spotify:track:0yENDAPqNW1hksxq9KUt8n,0.877,0.636,4,-7.712,0,0.114,0.0577,0.0185,0.0967,0.497,108.01,audio_features,0yENDAPqNW1hksxq9KUt8n,spotify:track:0yENDAPqNW1hksxq9KUt8n,https://api.spotify.com/v1/tracks/0yENDAPqNW1hksxq9KUt8n,https://api.spotify.com/v1/audio-analysis/0yENDAPqNW1hksxq9KUt8n,222222,4
La Vibra - Cumbia Cosmonauts Remix,El Remolón,spotify:track:2DVuGzOER5kPwQxZA2QoYh,0.761,0.867,5,-7.839,0,0.0599,0.118,0.309,0.111,0.946,100.004,audio_features,2DVuGzOER5kPwQxZA2QoYh,spotify:track:2DVuGzOER5kPwQxZA2QoYh,https://api.spotify.com/v1/tracks/2DVuGzOER5kPwQxZA2QoYh,https://api.spotify.com/v1/audio-analysis/2DVuGzOER5kPwQxZA2QoYh,196819,4
La Vibra - Cumbia Cosmonauts Remix,Miss Bolivia,spotify:track:2DVuGzOER5kPwQxZA2QoYh,0.761,0.867,5,-7.839,0,0.0599,0.118,0.309,0.111,0.946,100.004,audio_features,2DVuGzOER5kPwQxZA2QoYh,spotify:track:2DVuGzOER5kPwQxZA2QoYh,https://api.spotify.com/v1/tracks/2DVuGzOER5kPwQxZA2QoYh,https://api.spotify.com/v1/audio-analysis/2DVuGzOER5kPwQxZA2QoYh,196819,4
La Vibra - Cumbia Cosmonauts Remix,Cumbia Cosmonauts,spotify:track:2DVuGzOER5kPwQxZA2QoYh,0.761,0.867,5,-7.839,0,0.0599,0.118,0.309,0.111,0.946,100.004,audio_features,2DVuGzOER5kPwQxZA2QoYh,spotify:track:2DVuGzOER5kPwQxZA2QoYh,https://api.spotify.com/v1/tracks/2DVuGzOER5kPwQxZA2QoYh,https://api.spotify.com/v1/audio-analysis/2DVuGzOER5kPwQxZA2QoYh,196819,4
Duende come - Zenderista Remix,Vitu Valera,spotify:track:1LmQgbfYJOfCLEGt2twsRD,0.791,0.697,9,-9.184,0,0.136,0.224,0.944,0.2,0.551,102.031,audio_features,1LmQgbfYJOfCLEGt2twsRD,spotify:track:1LmQgbfYJOfCLEGt2twsRD,https://api.spotify.com/v1/tracks/1LmQgbfYJOfCLEGt2twsRD,https://api.spotify.com/v1/audio-analysis/1LmQgbfYJOfCLEGt2twsRD,348618,4
Duende come - Zenderista Remix,Zenderista,spotify:track:1LmQgbfYJOfCLEGt2twsRD,0.791,0.697,9,-9.184,0,0.136,0.224,0.944,0.2,0.551,102.031,audio_features,1LmQgbfYJOfCLEGt2twsRD,spotify:track:1LmQgbfYJOfCLEGt2twsRD,https://api.spotify.com/v1/tracks/1LmQgbfYJOfCLEGt2twsRD,https://api.spotify.com/v1/audio-analysis/1LmQgbfYJOfCLEGt2twsRD,348618,4
Jardines - Nicola Cruz Remix,Chancha Via Circuito,spotify:track:5e3vNClW96fCZ5jd69eHrw,0.731,0.645,5,-8.079,0,0.0694,0.0544,2.54e-05,0.326,0.184,92.012,audio_features,5e3vNClW96fCZ5jd69eHrw,spotify:track:5e3vNClW96fCZ5jd69eHrw,https://api.spotify.com/v1/tracks/5e3vNClW96fCZ5jd69eHrw,https://api.spotify.com/v1/audio-analysis/5e3vNClW96fCZ5jd69eHrw,344100,4
Jardines - Nicola Cruz Remix,Nicola Cruz,spotify:track:5e3vNClW96fCZ5jd69eHrw,0.731,0.645,5,-8.079,0,0.0694,0.0544,2.54e-05,0.326,0.184,92.012,audio_features,5e3vNClW96fCZ5jd69eHrw,spotify:track:5e3vNClW96fCZ5jd69eHrw,https://api.spotify.com/v1/tracks/5e3vNClW96fCZ5jd69eHrw,https://api.spotify.com/v1/audio-analysis/5e3vNClW96fCZ5jd69eHrw,344100,4
La Ventana,Cabra,spotify:track:6W9jUkMTN95mcgJbif1smy,0.685,0.465,1,-6.049,1,0.0523,0.018,0.000953,0.303,0.631,85.001,audio_features,6W9jUkMTN95mcgJbif1smy,spotify:track:6W9jUkMTN95mcgJbif1smy,https://api.spotify.com/v1/tracks/6W9jUkMTN95mcgJbif1smy,https://api.spotify.com/v1/audio-analysis/6W9jUkMTN95mcgJbif1smy,213397,4
Totem - Nicola Cruz Remix,Mop Mop,spotify:track:1oCmks4RdPw9xrVJ6hJILL,0.84,0.698,10,-8.786,0,0.0865,0.0536,0.00427,0.0972,0.526,90.002,audio_features,1oCmks4RdPw9xrVJ6hJILL,spotify:track:1oCmks4RdPw9xrVJ6hJILL,https://api.spotify.com/v1/tracks/1oCmks4RdPw9xrVJ6hJILL,https://api.spotify.com/v1/audio-analysis/1oCmks4RdPw9xrVJ6hJILL,304019,4
Totem - Nicola Cruz Remix,Anthony Joseph,spotify:track:1oCmks4RdPw9xrVJ6hJILL,0.84,0.698,10,-8.786,0,0.0865,0.0536,0.00427,0.0972,0.526,90.002,audio_features,1oCmks4RdPw9xrVJ6hJILL,spotify:track:1oCmks4RdPw9xrVJ6hJILL,https://api.spotify.com/v1/tracks/1oCmks4RdPw9xrVJ6hJILL,https://api.spotify.com/v1/audio-analysis/1oCmks4RdPw9xrVJ6hJILL,304019,4
Totem - Nicola Cruz Remix,Nicola Cruz,spotify:track:1oCmks4RdPw9xrVJ6hJILL,0.84,0.698,10,-8.786,0,0.0865,0.0536,0.00427,0.0972,0.526,90.002,audio_features,1oCmks4RdPw9xrVJ6hJILL,spotify:track:1oCmks4RdPw9xrVJ6hJILL,https://api.spotify.com/v1/tracks/1oCmks4RdPw9xrVJ6hJILL,https://api.spotify.com/v1/audio-analysis/1oCmks4RdPw9xrVJ6hJILL,304019,4
Agua de La Tierra (Nicola Cruz Remix),Rodrigo Gallardo,spotify:track:3z55fMIOftbrZrZ0Z7WbbW,0.657,0.47,11,-11.241,0,0.355,0.254,0.139,0.1,0.592,93.032,audio_features,3z55fMIOftbrZrZ0Z7WbbW,spotify:track:3z55fMIOftbrZrZ0Z7WbbW,https://api.spotify.com/v1/tracks/3z55fMIOftbrZrZ0Z7WbbW,https://api.spotify.com/v1/audio-analysis/3z55fMIOftbrZrZ0Z7WbbW,293990,4
Agua de La Tierra (Nicola Cruz Remix),Nicola Cruz,spotify:track:3z55fMIOftbrZrZ0Z7WbbW,0.657,0.47,11,-11.241,0,0.355,0.254,0.139,0.1,0.592,93.032,audio_features,3z55fMIOftbrZrZ0Z7WbbW,spotify:track:3z55fMIOftbrZrZ0Z7WbbW,https://api.spotify.com/v1/tracks/3z55fMIOftbrZrZ0Z7WbbW,https://api.spotify.com/v1/audio-analysis/3z55fMIOftbrZrZ0Z7WbbW,293990,4
Tarpuricusum Sarata - Captain Planet Remix,Luzmila Carpio,spotify:track:7tdpEWykBDTGHraFcc7y5K,0.714,0.623,11,-7.512,1,0.0592,0.089,0.00938,0.0913,0.847,92.021,audio_features,7tdpEWykBDTGHraFcc7y5K,spotify:track:7tdpEWykBDTGHraFcc7y5K,https://api.spotify.com/v1/tracks/7tdpEWykBDTGHraFcc7y5K,https://api.spotify.com/v1/audio-analysis/7tdpEWykBDTGHraFcc7y5K,260505,4
Tarpuricusum Sarata - Captain Planet Remix,Captain Planet,spotify:track:7tdpEWykBDTGHraFcc7y5K,0.714,0.623,11,-7.512,1,0.0592,0.089,0.00938,0.0913,0.847,92.021,audio_features,7tdpEWykBDTGHraFcc7y5K,spotify:track:7tdpEWykBDTGHraFcc7y5K,https://api.spotify.com/v1/tracks/7tdpEWykBDTGHraFcc7y5K,https://api.spotify.com/v1/audio-analysis/7tdpEWykBDTGHraFcc7y5K,260505,4
Caracol,Tremor,spotify:track:7uH9X5BWr1EQmLSOLgu09W,0.66,0.334,9,-13.788,0,0.0408,0.907,0.000317,0.105,0.378,87.033,audio_features,7uH9X5BWr1EQmLSOLgu09W,spotify:track:7uH9X5BWr1EQmLSOLgu09W,https://api.spotify.com/v1/tracks/7uH9X5BWr1EQmLSOLgu09W,https://api.spotify.com/v1/audio-analysis/7uH9X5BWr1EQmLSOLgu09W,248555,4
Colibria,Nicola Cruz,spotify:track:3bKMS7ZtNn0wr44WEhvpyB,0.842,0.409,4,-10.053,0,0.266,0.0515,0.41,0.0854,0.292,90.026,audio_features,3bKMS7ZtNn0wr44WEhvpyB,spotify:track:3bKMS7ZtNn0wr44WEhvpyB,https://api.spotify.com/v1/tracks/3bKMS7ZtNn0wr44WEhvpyB,https://api.spotify.com/v1/audio-analysis/3bKMS7ZtNn0wr44WEhvpyB,479999,4
Ay Que Sera Del Sol - Original,Rodrigo Gallardo,spotify:track:2mDpaQWRfsXtymj7JhVOEE,0.773,0.532,2,-11.297,1,0.0674,0.00278,0.86,0.0449,0.389,99.993,audio_features,2mDpaQWRfsXtymj7JhVOEE,spotify:track:2mDpaQWRfsXtymj7JhVOEE,https://api.spotify.com/v1/tracks/2mDpaQWRfsXtymj7JhVOEE,https://api.spotify.com/v1/audio-analysis/2mDpaQWRfsXtymj7JhVOEE,390223,4
Praah Com Poesia,Spaniol,spotify:track:5wA6aFuMZw783ghYlxVybw,0.794,0.394,7,-12.14,1,0.0608,0.377,0.882,0.0865,0.351,106.996,audio_features,5wA6aFuMZw783ghYlxVybw,spotify:track:5wA6aFuMZw783ghYlxVybw,https://api.spotify.com/v1/tracks/5wA6aFuMZw783ghYlxVybw,https://api.spotify.com/v1/audio-analysis/5wA6aFuMZw783ghYlxVybw,376822,4
1542,Xique-Xique,spotify:track:4nOJbb6YKkgiVgWGYoluTy,0.775,0.704,11,-12.542,0,0.0633,0.46,0.559,0.208,0.471,100.002,audio_features,4nOJbb6YKkgiVgWGYoluTy,spotify:track:4nOJbb6YKkgiVgWGYoluTy,https://api.spotify.com/v1/tracks/4nOJbb6YKkgiVgWGYoluTy,https://api.spotify.com/v1/audio-analysis/4nOJbb6YKkgiVgWGYoluTy,347600,4
Serpiente Dorada,Dengue Dengue Dengue,spotify:track:0ymKsjH08uaLPKECQIAE5V,0.819,0.609,0,-5.088,1,0.0618,0.00498,0.317,0.0943,0.48,160.048,audio_features,0ymKsjH08uaLPKECQIAE5V,spotify:track:0ymKsjH08uaLPKECQIAE5V,https://api.spotify.com/v1/tracks/0ymKsjH08uaLPKECQIAE5V,https://api.spotify.com/v1/audio-analysis/0ymKsjH08uaLPKECQIAE5V,189569,4
Liga de Sabor Tropical,El Remolón,spotify:track:0UZgjygcaCiTXrt0qxp6In,0.666,0.745,7,-4.987,0,0.132,0.36,2.64e-06,0.113,0.842,180.001,audio_features,0UZgjygcaCiTXrt0qxp6In,spotify:track:0UZgjygcaCiTXrt0qxp6In,https://api.spotify.com/v1/tracks/0UZgjygcaCiTXrt0qxp6In,https://api.spotify.com/v1/audio-analysis/0UZgjygcaCiTXrt0qxp6In,261498,4
Puro Comer,Elegante & La Imperial,spotify:track:1qPhcG9LKdW4MgAvR6yPx1,0.651,0.62,6,-7.245,0,0.132,0.000106,0.891,0.117,0.809,210.01,audio_features,1qPhcG9LKdW4MgAvR6yPx1,spotify:track:1qPhcG9LKdW4MgAvR6yPx1,https://api.spotify.com/v1/tracks/1qPhcG9LKdW4MgAvR6yPx1,https://api.spotify.com/v1/audio-analysis/1qPhcG9LKdW4MgAvR6yPx1,260992,4
Tzantza,Nicola Cruz,spotify:track:2xixdZ2dxE00bX6A6jV17m,0.8,0.471,1,-13.93,1,0.104,0.0366,0.821,0.11,0.285,102.023,audio_features,2xixdZ2dxE00bX6A6jV17m,spotify:track:2xixdZ2dxE00bX6A6jV17m,https://api.spotify.com/v1/tracks/2xixdZ2dxE00bX6A6jV17m,https://api.spotify.com/v1/audio-analysis/2xixdZ2dxE00bX6A6jV17m,350588,4
Amor En Francia - Nicola Cruz Remix,Quantic,spotify:track:5Jix30SyhS1MfSRUevPa8J,0.849,0.517,3,-14.177,0,0.107,0.831,0.782,0.0695,0.635,137.002,audio_features,5Jix30SyhS1MfSRUevPa8J,spotify:track:5Jix30SyhS1MfSRUevPa8J,https://api.spotify.com/v1/tracks/5Jix30SyhS1MfSRUevPa8J,https://api.spotify.com/v1/audio-analysis/5Jix30SyhS1MfSRUevPa8J,285152,4
Amor En Francia - Nicola Cruz Remix,Nidia Gongora,spotify:track:5Jix30SyhS1MfSRUevPa8J,0.849,0.517,3,-14.177,0,0.107,0.831,0.782,0.0695,0.635,137.002,audio_features,5Jix30SyhS1MfSRUevPa8J,spotify:track:5Jix30SyhS1MfSRUevPa8J,https://api.spotify.com/v1/tracks/5Jix30SyhS1MfSRUevPa8J,https://api.spotify.com/v1/audio-analysis/5Jix30SyhS1MfSRUevPa8J,285152,4
Amor En Francia - Nicola Cruz Remix,Nicola Cruz,spotify:track:5Jix30SyhS1MfSRUevPa8J,0.849,0.517,3,-14.177,0,0.107,0.831,0.782,0.0695,0.635,137.002,audio_features,5Jix30SyhS1MfSRUevPa8J,spotify:track:5Jix30SyhS1MfSRUevPa8J,https://api.spotify.com/v1/tracks/5Jix30SyhS1MfSRUevPa8J,https://api.spotify.com/v1/audio-analysis/5Jix30SyhS1MfSRUevPa8J,285152,4
Pájaros,Bomba Estéreo,spotify:track:1nwb9nOha7UT0ZrCejx1AK,0.586,0.803,2,-10.274,1,0.0387,0.00644,0.0811,0.0838,0.0386,118.999,audio_features,1nwb9nOha7UT0ZrCejx1AK,spotify:track:1nwb9nOha7UT0ZrCejx1AK,https://api.spotify.com/v1/tracks/1nwb9nOha7UT0ZrCejx1AK,https://api.spotify.com/v1/audio-analysis/1nwb9nOha7UT0ZrCejx1AK,327280,4
Matarina,Los Chipis,spotify:track:2E2zqegC8HEZL6nASVcK9S,0.757,0.758,2,-6.533,1,0.0437,0.482,0.0709,0.244,0.797,110.266,audio_features,2E2zqegC8HEZL6nASVcK9S,spotify:track:2E2zqegC8HEZL6nASVcK9S,https://api.spotify.com/v1/tracks/2E2zqegC8HEZL6nASVcK9S,https://api.spotify.com/v1/audio-analysis/2E2zqegC8HEZL6nASVcK9S,296279,4
Madre Tierra,El Búho,spotify:track:799J6MAOEbosAnsbAk2Xmg,0.6,0.354,6,-13.241,1,0.0482,0.193,0.0,0.0671,0.498,172.975,audio_features,799J6MAOEbosAnsbAk2Xmg,spotify:track:799J6MAOEbosAnsbAk2Xmg,https://api.spotify.com/v1/tracks/799J6MAOEbosAnsbAk2Xmg,https://api.spotify.com/v1/audio-analysis/799J6MAOEbosAnsbAk2Xmg,419097,4
Madre Tierra,Luzmila Carpio,spotify:track:799J6MAOEbosAnsbAk2Xmg,0.6,0.354,6,-13.241,1,0.0482,0.193,0.0,0.0671,0.498,172.975,audio_features,799J6MAOEbosAnsbAk2Xmg,spotify:track:799J6MAOEbosAnsbAk2Xmg,https://api.spotify.com/v1/tracks/799J6MAOEbosAnsbAk2Xmg,https://api.spotify.com/v1/audio-analysis/799J6MAOEbosAnsbAk2Xmg,419097,4
Ch'Uwa Yaku Kawsaypuni - Nicola Cruz Remix,Luzmila Carpio,spotify:track:2eMd3KhvMbkOMSxp38A77Y,0.796,0.423,0,-8.825,0,0.146,0.362,0.299,0.205,0.509,88.966,audio_features,2eMd3KhvMbkOMSxp38A77Y,spotify:track:2eMd3KhvMbkOMSxp38A77Y,https://api.spotify.com/v1/tracks/2eMd3KhvMbkOMSxp38A77Y,https://api.spotify.com/v1/audio-analysis/2eMd3KhvMbkOMSxp38A77Y,263999,4
Ch'Uwa Yaku Kawsaypuni - Nicola Cruz Remix,Nicola Cruz,spotify:track:2eMd3KhvMbkOMSxp38A77Y,0.796,0.423,0,-8.825,0,0.146,0.362,0.299,0.205,0.509,88.966,audio_features,2eMd3KhvMbkOMSxp38A77Y,spotify:track:2eMd3KhvMbkOMSxp38A77Y,https://api.spotify.com/v1/tracks/2eMd3KhvMbkOMSxp38A77Y,https://api.spotify.com/v1/audio-analysis/2eMd3KhvMbkOMSxp38A77Y,263999,4
Los Mapuches,Matanza,spotify:track:4DAmRssBVHovwlmNce1WTj,0.891,0.383,11,-15.499,0,0.243,0.0569,0.792,0.0885,0.239,125.992,audio_features,4DAmRssBVHovwlmNce1WTj,spotify:track:4DAmRssBVHovwlmNce1WTj,https://api.spotify.com/v1/tracks/4DAmRssBVHovwlmNce1WTj,https://api.spotify.com/v1/audio-analysis/4DAmRssBVHovwlmNce1WTj,256933,4
Xica Xica,El Búho,spotify:track:1IkN4xIoHRSkk0j5t50S42,0.788,0.451,7,-12.974,1,0.071,0.737,0.723,0.0657,0.294,105.008,audio_features,1IkN4xIoHRSkk0j5t50S42,spotify:track:1IkN4xIoHRSkk0j5t50S42,https://api.spotify.com/v1/tracks/1IkN4xIoHRSkk0j5t50S42,https://api.spotify.com/v1/audio-analysis/1IkN4xIoHRSkk0j5t50S42,268957,4
Xica Xica,Uji,spotify:track:1IkN4xIoHRSkk0j5t50S42,0.788,0.451,7,-12.974,1,0.071,0.737,0.723,0.0657,0.294,105.008,audio_features,1IkN4xIoHRSkk0j5t50S42,spotify:track:1IkN4xIoHRSkk0j5t50S42,https://api.spotify.com/v1/tracks/1IkN4xIoHRSkk0j5t50S42,https://api.spotify.com/v1/audio-analysis/1IkN4xIoHRSkk0j5t50S42,268957,4
Xica Xica,Barrio Lindo,spotify:track:1IkN4xIoHRSkk0j5t50S42,0.788,0.451,7,-12.974,1,0.071,0.737,0.723,0.0657,0.294,105.008,audio_features,1IkN4xIoHRSkk0j5t50S42,spotify:track:1IkN4xIoHRSkk0j5t50S42,https://api.spotify.com/v1/tracks/1IkN4xIoHRSkk0j5t50S42,https://api.spotify.com/v1/audio-analysis/1IkN4xIoHRSkk0j5t50S42,268957,4
Capuchino Pecho Blanco,Barrio Lindo,spotify:track:7qOzD1nutzAbDqgFiiGCrI,0.706,0.517,0,-9.547,1,0.212,0.0725,6.4e-05,0.0623,0.332,174.018,audio_features,7qOzD1nutzAbDqgFiiGCrI,spotify:track:7qOzD1nutzAbDqgFiiGCrI,https://api.spotify.com/v1/tracks/7qOzD1nutzAbDqgFiiGCrI,https://api.spotify.com/v1/audio-analysis/7qOzD1nutzAbDqgFiiGCrI,228020,4
Tarlabasi - Be Svendsen Remix,Oceanvs Orientalis,spotify:track:41JWvOS6vhn2uANnUsKVEG,0.854,0.599,4,-12.259,0,0.0604,0.206,0.861,0.0899,0.216,114.001,audio_features,41JWvOS6vhn2uANnUsKVEG,spotify:track:41JWvOS6vhn2uANnUsKVEG,https://api.spotify.com/v1/tracks/41JWvOS6vhn2uANnUsKVEG,https://api.spotify.com/v1/audio-analysis/41JWvOS6vhn2uANnUsKVEG,545813,4
Tarlabasi - Be Svendsen Remix,Be Svendsen,spotify:track:41JWvOS6vhn2uANnUsKVEG,0.854,0.599,4,-12.259,0,0.0604,0.206,0.861,0.0899,0.216,114.001,audio_features,41JWvOS6vhn2uANnUsKVEG,spotify:track:41JWvOS6vhn2uANnUsKVEG,https://api.spotify.com/v1/tracks/41JWvOS6vhn2uANnUsKVEG,https://api.spotify.com/v1/audio-analysis/41JWvOS6vhn2uANnUsKVEG,545813,4
El Sonido de las Lobas,Elegante & La Imperial,spotify:track:7wRsJcQBxIThj2kAEhYWI6,0.6,0.855,5,-6.734,0,0.0462,0.00156,0.133,0.104,0.392,103.009,audio_features,7wRsJcQBxIThj2kAEhYWI6,spotify:track:7wRsJcQBxIThj2kAEhYWI6,https://api.spotify.com/v1/tracks/7wRsJcQBxIThj2kAEhYWI6,https://api.spotify.com/v1/audio-analysis/7wRsJcQBxIThj2kAEhYWI6,326997,4
Antofagasta de la Sierra,Lagartijeando,spotify:track:6kDuxoZZzPJG1eW9K6Kt2s,0.8,0.622,9,-9.037,0,0.1,0.116,0.404,0.393,0.623,94.02,audio_features,6kDuxoZZzPJG1eW9K6Kt2s,spotify:track:6kDuxoZZzPJG1eW9K6Kt2s,https://api.spotify.com/v1/tracks/6kDuxoZZzPJG1eW9K6Kt2s,https://api.spotify.com/v1/audio-analysis/6kDuxoZZzPJG1eW9K6Kt2s,224932,4
Intercambio,SidiRum,spotify:track:6JpYysVOI7xYCiJ49vV4V4,0.722,0.465,9,-8.127,0,0.262,0.331,0.00247,0.0474,0.256,173.949,audio_features,6JpYysVOI7xYCiJ49vV4V4,spotify:track:6JpYysVOI7xYCiJ49vV4V4,https://api.spotify.com/v1/tracks/6JpYysVOI7xYCiJ49vV4V4,https://api.spotify.com/v1/audio-analysis/6JpYysVOI7xYCiJ49vV4V4,214747,4
El Oro de la Tolita,Thornato,spotify:track:6CxlP7VROxhNBPcCmdo3IW,0.77,0.695,7,-9.82,1,0.0827,0.123,0.186,0.0936,0.389,187.522,audio_features,6CxlP7VROxhNBPcCmdo3IW,spotify:track:6CxlP7VROxhNBPcCmdo3IW,https://api.spotify.com/v1/tracks/6CxlP7VROxhNBPcCmdo3IW,https://api.spotify.com/v1/audio-analysis/6CxlP7VROxhNBPcCmdo3IW,250177,3
El Oro de la Tolita,Grupo Taribo,spotify:track:6CxlP7VROxhNBPcCmdo3IW,0.77,0.695,7,-9.82,1,0.0827,0.123,0.186,0.0936,0.389,187.522,audio_features,6CxlP7VROxhNBPcCmdo3IW,spotify:track:6CxlP7VROxhNBPcCmdo3IW,https://api.spotify.com/v1/tracks/6CxlP7VROxhNBPcCmdo3IW,https://api.spotify.com/v1/audio-analysis/6CxlP7VROxhNBPcCmdo3IW,250177,3
Huanáco,Barrio Lindo,spotify:track:565sa6hgNn2OL5MvimJxm9,0.875,0.432,7,-12.95,1,0.197,0.685,0.88,0.0946,0.454,94.056,audio_features,565sa6hgNn2OL5MvimJxm9,spotify:track:565sa6hgNn2OL5MvimJxm9,https://api.spotify.com/v1/tracks/565sa6hgNn2OL5MvimJxm9,https://api.spotify.com/v1/audio-analysis/565sa6hgNn2OL5MvimJxm9,293999,4
Sol,Alef,spotify:track:4FlR74PQh9SUnxDyFkoK1a,0.927,0.207,7,-11.119,0,0.116,0.0476,0.851,0.107,0.127,103.007,audio_features,4FlR74PQh9SUnxDyFkoK1a,spotify:track:4FlR74PQh9SUnxDyFkoK1a,https://api.spotify.com/v1/tracks/4FlR74PQh9SUnxDyFkoK1a,https://api.spotify.com/v1/audio-analysis/4FlR74PQh9SUnxDyFkoK1a,400865,4
Fuego de Cumbia / Dub de Sangre Pura - Dub Mix,Los Gaiteros de San Jacinto,spotify:track:4o5CcQ1vD1Ikr0yeEcb9s6,0.509,0.522,1,-9.501,1,0.0881,0.184,0.00955,0.112,0.625,89.337,audio_features,4o5CcQ1vD1Ikr0yeEcb9s6,spotify:track:4o5CcQ1vD1Ikr0yeEcb9s6,https://api.spotify.com/v1/tracks/4o5CcQ1vD1Ikr0yeEcb9s6,https://api.spotify.com/v1/audio-analysis/4o5CcQ1vD1Ikr0yeEcb9s6,346280,4
Ser o Tener,Carla Valenti,spotify:track:56yvchFGTsThSx8i33szzF,0.696,0.247,7,-12.369,1,0.0807,0.236,0.893,0.105,0.486,84.985,audio_features,56yvchFGTsThSx8i33szzF,spotify:track:56yvchFGTsThSx8i33szzF,https://api.spotify.com/v1/tracks/56yvchFGTsThSx8i33szzF,https://api.spotify.com/v1/audio-analysis/56yvchFGTsThSx8i33szzF,334059,4
Pianititi,Spaniol,spotify:track:3pJQFdli81HVF6Z7dQ9Eoy,0.825,0.262,6,-15.621,0,0.2,0.0873,0.815,0.0868,0.142,104.994,audio_features,3pJQFdli81HVF6Z7dQ9Eoy,spotify:track:3pJQFdli81HVF6Z7dQ9Eoy,https://api.spotify.com/v1/tracks/3pJQFdli81HVF6Z7dQ9Eoy,https://api.spotify.com/v1/audio-analysis/3pJQFdli81HVF6Z7dQ9Eoy,412000,4
Tlacotlan,El Búho,spotify:track:7Cx8eYiWiRtiR9x9ojc6m7,0.616,0.454,6,-13.805,0,0.0421,0.637,0.298,0.131,0.434,90.088,audio_features,7Cx8eYiWiRtiR9x9ojc6m7,spotify:track:7Cx8eYiWiRtiR9x9ojc6m7,https://api.spotify.com/v1/tracks/7Cx8eYiWiRtiR9x9ojc6m7,https://api.spotify.com/v1/audio-analysis/7Cx8eYiWiRtiR9x9ojc6m7,248790,4
Palomita - Original Mix,Nu,spotify:track:3ShQtz0C3KJpYWc61eMdPE,0.833,0.541,6,-13.532,1,0.0709,0.12,0.687,0.0903,0.16,105.014,audio_features,3ShQtz0C3KJpYWc61eMdPE,spotify:track:3ShQtz0C3KJpYWc61eMdPE,https://api.spotify.com/v1/tracks/3ShQtz0C3KJpYWc61eMdPE,https://api.spotify.com/v1/audio-analysis/3ShQtz0C3KJpYWc61eMdPE,483825,4
Caribe Dub,Señor Chancho,spotify:track:5VZ5xMv6OWqTlhKf2WIa1e,0.81,0.598,1,-9.634,1,0.0608,0.00675,0.912,0.0319,0.539,124.003,audio_features,5VZ5xMv6OWqTlhKf2WIa1e,spotify:track:5VZ5xMv6OWqTlhKf2WIa1e,https://api.spotify.com/v1/tracks/5VZ5xMv6OWqTlhKf2WIa1e,https://api.spotify.com/v1/audio-analysis/5VZ5xMv6OWqTlhKf2WIa1e,276824,4
How Strange - Nicola Cruz Remix,FEATHERED SUN,spotify:track:1z16gOcthPInw39ZiMwcl9,0.845,0.352,2,-13.821,0,0.15,0.708,0.884,0.11,0.386,153.033,audio_features,1z16gOcthPInw39ZiMwcl9,spotify:track:1z16gOcthPInw39ZiMwcl9,https://api.spotify.com/v1/tracks/1z16gOcthPInw39ZiMwcl9,https://api.spotify.com/v1/audio-analysis/1z16gOcthPInw39ZiMwcl9,320000,3
How Strange - Nicola Cruz Remix,Acid Pauli,spotify:track:1z16gOcthPInw39ZiMwcl9,0.845,0.352,2,-13.821,0,0.15,0.708,0.884,0.11,0.386,153.033,audio_features,1z16gOcthPInw39ZiMwcl9,spotify:track:1z16gOcthPInw39ZiMwcl9,https://api.spotify.com/v1/tracks/1z16gOcthPInw39ZiMwcl9,https://api.spotify.com/v1/audio-analysis/1z16gOcthPInw39ZiMwcl9,320000,3
How Strange - Nicola Cruz Remix,Nu,spotify:track:1z16gOcthPInw39ZiMwcl9,0.845,0.352,2,-13.821,0,0.15,0.708,0.884,0.11,0.386,153.033,audio_features,1z16gOcthPInw39ZiMwcl9,spotify:track:1z16gOcthPInw39ZiMwcl9,https://api.spotify.com/v1/tracks/1z16gOcthPInw39ZiMwcl9,https://api.spotify.com/v1/audio-analysis/1z16gOcthPInw39ZiMwcl9,320000,3
How Strange - Nicola Cruz Remix,Jo.Ke,spotify:track:1z16gOcthPInw39ZiMwcl9,0.845,0.352,2,-13.821,0,0.15,0.708,0.884,0.11,0.386,153.033,audio_features,1z16gOcthPInw39ZiMwcl9,spotify:track:1z16gOcthPInw39ZiMwcl9,https://api.spotify.com/v1/tracks/1z16gOcthPInw39ZiMwcl9,https://api.spotify.com/v1/audio-analysis/1z16gOcthPInw39ZiMwcl9,320000,3
How Strange - Nicola Cruz Remix,Raz Ohara,spotify:track:1z16gOcthPInw39ZiMwcl9,0.845,0.352,2,-13.821,0,0.15,0.708,0.884,0.11,0.386,153.033,audio_features,1z16gOcthPInw39ZiMwcl9,spotify:track:1z16gOcthPInw39ZiMwcl9,https://api.spotify.com/v1/tracks/1z16gOcthPInw39ZiMwcl9,https://api.spotify.com/v1/audio-analysis/1z16gOcthPInw39ZiMwcl9,320000,3
How Strange - Nicola Cruz Remix,Chris Schwarzwalder,spotify:track:1z16gOcthPInw39ZiMwcl9,0.845,0.352,2,-13.821,0,0.15,0.708,0.884,0.11,0.386,153.033,audio_features,1z16gOcthPInw39ZiMwcl9,spotify:track:1z16gOcthPInw39ZiMwcl9,https://api.spotify.com/v1/tracks/1z16gOcthPInw39ZiMwcl9,https://api.spotify.com/v1/audio-analysis/1z16gOcthPInw39ZiMwcl9,320000,3
How Strange - Nicola Cruz Remix,Nicola Cruz,spotify:track:1z16gOcthPInw39ZiMwcl9,0.845,0.352,2,-13.821,0,0.15,0.708,0.884,0.11,0.386,153.033,audio_features,1z16gOcthPInw39ZiMwcl9,spotify:track:1z16gOcthPInw39ZiMwcl9,https://api.spotify.com/v1/tracks/1z16gOcthPInw39ZiMwcl9,https://api.spotify.com/v1/audio-analysis/1z16gOcthPInw39ZiMwcl9,320000,3
Sun Sun Damba - Original Mix,Peter Power,spotify:track:6jn7sMz7CP8y0EHjn79n2o,0.82,0.581,4,-12.606,0,0.0555,0.417,0.0256,0.49,0.792,100.006,audio_features,6jn7sMz7CP8y0EHjn79n2o,spotify:track:6jn7sMz7CP8y0EHjn79n2o,https://api.spotify.com/v1/tracks/6jn7sMz7CP8y0EHjn79n2o,https://api.spotify.com/v1/audio-analysis/6jn7sMz7CP8y0EHjn79n2o,406800,4
La Memoria del Viento (Matanza Remix),Lagartijeando,spotify:track:11T7QbpAKlomoDq2PL9wVc,0.81,0.654,4,-8.613,0,0.224,0.0173,0.825,0.112,0.734,91.995,audio_features,11T7QbpAKlomoDq2PL9wVc,spotify:track:11T7QbpAKlomoDq2PL9wVc,https://api.spotify.com/v1/tracks/11T7QbpAKlomoDq2PL9wVc,https://api.spotify.com/v1/audio-analysis/11T7QbpAKlomoDq2PL9wVc,302609,4
La Memoria del Viento (Matanza Remix),Matanza,spotify:track:11T7QbpAKlomoDq2PL9wVc,0.81,0.654,4,-8.613,0,0.224,0.0173,0.825,0.112,0.734,91.995,audio_features,11T7QbpAKlomoDq2PL9wVc,spotify:track:11T7QbpAKlomoDq2PL9wVc,https://api.spotify.com/v1/tracks/11T7QbpAKlomoDq2PL9wVc,https://api.spotify.com/v1/audio-analysis/11T7QbpAKlomoDq2PL9wVc,302609,4
Voz Serena,Populous,spotify:track:6Qc9DDn2jDMGUPHgFmiu0a,0.762,0.604,10,-7.301,0,0.0478,0.00213,0.821,0.591,0.143,106.01,audio_features,6Qc9DDn2jDMGUPHgFmiu0a,spotify:track:6Qc9DDn2jDMGUPHgFmiu0a,https://api.spotify.com/v1/tracks/6Qc9DDn2jDMGUPHgFmiu0a,https://api.spotify.com/v1/audio-analysis/6Qc9DDn2jDMGUPHgFmiu0a,305677,4
Minguante,Kurup,spotify:track:4aUZyM5iezs8MuPUFwIFRT,0.741,0.292,0,-15.567,1,0.0518,0.625,0.851,0.102,0.169,92.064,audio_features,4aUZyM5iezs8MuPUFwIFRT,spotify:track:4aUZyM5iezs8MuPUFwIFRT,https://api.spotify.com/v1/tracks/4aUZyM5iezs8MuPUFwIFRT,https://api.spotify.com/v1/audio-analysis/4aUZyM5iezs8MuPUFwIFRT,292174,4
Mamakumba,Vitu Valera,spotify:track:5ChVKFg7u4c3ebjuICumUD,0.807,0.77,0,-8.621,0,0.106,0.281,0.729,0.337,0.287,111.732,audio_features,5ChVKFg7u4c3ebjuICumUD,spotify:track:5ChVKFg7u4c3ebjuICumUD,https://api.spotify.com/v1/tracks/5ChVKFg7u4c3ebjuICumUD,https://api.spotify.com/v1/audio-analysis/5ChVKFg7u4c3ebjuICumUD,244963,4
Mamakumba,Mikongo,spotify:track:5ChVKFg7u4c3ebjuICumUD,0.807,0.77,0,-8.621,0,0.106,0.281,0.729,0.337,0.287,111.732,audio_features,5ChVKFg7u4c3ebjuICumUD,spotify:track:5ChVKFg7u4c3ebjuICumUD,https://api.spotify.com/v1/tracks/5ChVKFg7u4c3ebjuICumUD,https://api.spotify.com/v1/audio-analysis/5ChVKFg7u4c3ebjuICumUD,244963,4
Efecto Manglar,Black Mambo,spotify:track:6nZXV4QBvUomA2XPYnbEFc,0.618,0.9,4,-4.77,0,0.0429,0.0239,0.684,0.328,0.188,105.004,audio_features,6nZXV4QBvUomA2XPYnbEFc,spotify:track:6nZXV4QBvUomA2XPYnbEFc,https://api.spotify.com/v1/tracks/6nZXV4QBvUomA2XPYnbEFc,https://api.spotify.com/v1/audio-analysis/6nZXV4QBvUomA2XPYnbEFc,308213,4
Efecto Manglar,Ácido Pantera,spotify:track:6nZXV4QBvUomA2XPYnbEFc,0.618,0.9,4,-4.77,0,0.0429,0.0239,0.684,0.328,0.188,105.004,audio_features,6nZXV4QBvUomA2XPYnbEFc,spotify:track:6nZXV4QBvUomA2XPYnbEFc,https://api.spotify.com/v1/tracks/6nZXV4QBvUomA2XPYnbEFc,https://api.spotify.com/v1/audio-analysis/6nZXV4QBvUomA2XPYnbEFc,308213,4
Marimba Tambó,Ácido Pantera,spotify:track:2rNagq4lJvSat406m0mBGs,0.736,0.872,6,-4.028,0,0.0833,0.103,0.768,0.095,0.416,93.649,audio_features,2rNagq4lJvSat406m0mBGs,spotify:track:2rNagq4lJvSat406m0mBGs,https://api.spotify.com/v1/tracks/2rNagq4lJvSat406m0mBGs,https://api.spotify.com/v1/audio-analysis/2rNagq4lJvSat406m0mBGs,255360,3
Tzantza - Matanza Remix,Nicola Cruz,spotify:track:5CvXgeQ0qvPZymhzdovYGD,0.648,0.475,5,-12.993,0,0.299,0.687,0.794,0.111,0.242,203.814,audio_features,5CvXgeQ0qvPZymhzdovYGD,spotify:track:5CvXgeQ0qvPZymhzdovYGD,https://api.spotify.com/v1/tracks/5CvXgeQ0qvPZymhzdovYGD,https://api.spotify.com/v1/audio-analysis/5CvXgeQ0qvPZymhzdovYGD,285882,4
Tzantza - Matanza Remix,Matanza,spotify:track:5CvXgeQ0qvPZymhzdovYGD,0.648,0.475,5,-12.993,0,0.299,0.687,0.794,0.111,0.242,203.814,audio_features,5CvXgeQ0qvPZymhzdovYGD,spotify:track:5CvXgeQ0qvPZymhzdovYGD,https://api.spotify.com/v1/tracks/5CvXgeQ0qvPZymhzdovYGD,https://api.spotify.com/v1/audio-analysis/5CvXgeQ0qvPZymhzdovYGD,285882,4
Regalo de Amor,Loli Cosmica,spotify:track:2i5hZODZ6PtsjfQlXpj0uh,0.436,0.475,0,-9.399,1,0.0357,0.895,0.000293,0.731,0.216,140.335,audio_features,2i5hZODZ6PtsjfQlXpj0uh,spotify:track:2i5hZODZ6PtsjfQlXpj0uh,https://api.spotify.com/v1/tracks/2i5hZODZ6PtsjfQlXpj0uh,https://api.spotify.com/v1/audio-analysis/2i5hZODZ6PtsjfQlXpj0uh,264000,4
Nheengatu,Kurup,spotify:track:0Ryx6awu5PP4YXB3u16sC2,0.886,0.194,9,-12.59,0,0.076,0.428,0.0133,0.201,0.266,95.997,audio_features,0Ryx6awu5PP4YXB3u16sC2,spotify:track:0Ryx6awu5PP4YXB3u16sC2,https://api.spotify.com/v1/tracks/0Ryx6awu5PP4YXB3u16sC2,https://api.spotify.com/v1/audio-analysis/0Ryx6awu5PP4YXB3u16sC2,343279,4
Antídoto,Weste,spotify:track:2nbXinv9k0boywWmtOk3AW,0.615,0.506,2,-9.254,0,0.135,0.801,0.125,0.147,0.514,173.765,audio_features,2nbXinv9k0boywWmtOk3AW,spotify:track:2nbXinv9k0boywWmtOk3AW,https://api.spotify.com/v1/tracks/2nbXinv9k0boywWmtOk3AW,https://api.spotify.com/v1/audio-analysis/2nbXinv9k0boywWmtOk3AW,223760,3
Clavelito,Huaira,spotify:track:6h7rqw4y9jpL9TggjeAHCR,0.6,0.478,0,-9.378,1,0.381,0.357,0.00108,0.182,0.524,150.011,audio_features,6h7rqw4y9jpL9TggjeAHCR,spotify:track:6h7rqw4y9jpL9TggjeAHCR,https://api.spotify.com/v1/tracks/6h7rqw4y9jpL9TggjeAHCR,https://api.spotify.com/v1/audio-analysis/6h7rqw4y9jpL9TggjeAHCR,317781,3
Clavelito,Rodrigo Gallardo,spotify:track:6h7rqw4y9jpL9TggjeAHCR,0.6,0.478,0,-9.378,1,0.381,0.357,0.00108,0.182,0.524,150.011,audio_features,6h7rqw4y9jpL9TggjeAHCR,spotify:track:6h7rqw4y9jpL9TggjeAHCR,https://api.spotify.com/v1/tracks/6h7rqw4y9jpL9TggjeAHCR,https://api.spotify.com/v1/audio-analysis/6h7rqw4y9jpL9TggjeAHCR,317781,3
Batismo,Populous,spotify:track:4RIlInNHIduhE7l84PODhK,0.785,0.707,7,-10.553,0,0.273,0.4,0.919,0.105,0.11,89.029,audio_features,4RIlInNHIduhE7l84PODhK,spotify:track:4RIlInNHIduhE7l84PODhK,https://api.spotify.com/v1/tracks/4RIlInNHIduhE7l84PODhK,https://api.spotify.com/v1/audio-analysis/4RIlInNHIduhE7l84PODhK,191924,4
Batismo,RIVA,spotify:track:4RIlInNHIduhE7l84PODhK,0.785,0.707,7,-10.553,0,0.273,0.4,0.919,0.105,0.11,89.029,audio_features,4RIlInNHIduhE7l84PODhK,spotify:track:4RIlInNHIduhE7l84PODhK,https://api.spotify.com/v1/tracks/4RIlInNHIduhE7l84PODhK,https://api.spotify.com/v1/audio-analysis/4RIlInNHIduhE7l84PODhK,191924,4
Tierra de Poetas - Dub Mix,Los Gaiteros de San Jacinto,spotify:track:0anwofNiH8XpIv8y8jUDaX,0.753,0.459,11,-9.756,0,0.217,0.0129,0.00179,0.161,0.836,100.552,audio_features,0anwofNiH8XpIv8y8jUDaX,spotify:track:0anwofNiH8XpIv8y8jUDaX,https://api.spotify.com/v1/tracks/0anwofNiH8XpIv8y8jUDaX,https://api.spotify.com/v1/audio-analysis/0anwofNiH8XpIv8y8jUDaX,263933,4
La Marcha de los Arboles,Mente Orgánica,spotify:track:1qq4Eg6p3mKWXmpofegwct,0.454,0.522,9,-10.276,0,0.0476,0.563,0.275,0.144,0.0407,129.93,audio_features,1qq4Eg6p3mKWXmpofegwct,spotify:track:1qq4Eg6p3mKWXmpofegwct,https://api.spotify.com/v1/tracks/1qq4Eg6p3mKWXmpofegwct,https://api.spotify.com/v1/audio-analysis/1qq4Eg6p3mKWXmpofegwct,323077,3
Azra,Lokal Affair,spotify:track:2Uw3sSJo7lXbFiKuvo1xX1,0.761,0.386,6,-11.856,1,0.044,0.695,0.752,0.099,0.42,135.312,audio_features,2Uw3sSJo7lXbFiKuvo1xX1,spotify:track:2Uw3sSJo7lXbFiKuvo1xX1,https://api.spotify.com/v1/tracks/2Uw3sSJo7lXbFiKuvo1xX1,https://api.spotify.com/v1/audio-analysis/2Uw3sSJo7lXbFiKuvo1xX1,405333,3
Bossa a La Calle,Kurup,spotify:track:4MujzKN6BsFiS4evZhshJS,0.729,0.545,5,-10.844,1,0.087,0.458,0.877,0.0786,0.715,172.036,audio_features,4MujzKN6BsFiS4evZhshJS,spotify:track:4MujzKN6BsFiS4evZhshJS,https://api.spotify.com/v1/tracks/4MujzKN6BsFiS4evZhshJS,https://api.spotify.com/v1/audio-analysis/4MujzKN6BsFiS4evZhshJS,294419,4
Susiana,Muno,spotify:track:66Xh1EjODw4ut9Mj76Erk9,0.772,0.737,2,-8.971,1,0.148,0.233,0.189,0.0735,0.254,103.983,audio_features,66Xh1EjODw4ut9Mj76Erk9,spotify:track:66Xh1EjODw4ut9Mj76Erk9,https://api.spotify.com/v1/tracks/66Xh1EjODw4ut9Mj76Erk9,https://api.spotify.com/v1/audio-analysis/66Xh1EjODw4ut9Mj76Erk9,415385,4
Maria Sola - Dub Mix,Los Gaiteros de San Jacinto,spotify:track:4d0USJj47Bx08Bnq3e5bWl,0.448,0.527,9,-11.598,0,0.0908,0.149,0.622,0.0681,0.216,89.167,audio_features,4d0USJj47Bx08Bnq3e5bWl,spotify:track:4d0USJj47Bx08Bnq3e5bWl,https://api.spotify.com/v1/tracks/4d0USJj47Bx08Bnq3e5bWl,https://api.spotify.com/v1/audio-analysis/4d0USJj47Bx08Bnq3e5bWl,300067,4
El Viaje,Joaquín Cornejo,spotify:track:0JlBsGiZsmKnLO6hRBNLvE,0.83,0.396,11,-13.394,0,0.296,0.416,0.00566,0.0658,0.465,89.986,audio_features,0JlBsGiZsmKnLO6hRBNLvE,spotify:track:0JlBsGiZsmKnLO6hRBNLvE,https://api.spotify.com/v1/tracks/0JlBsGiZsmKnLO6hRBNLvE,https://api.spotify.com/v1/audio-analysis/0JlBsGiZsmKnLO6hRBNLvE,464000,4
El Viaje,Aeve Ribbons,spotify:track:0JlBsGiZsmKnLO6hRBNLvE,0.83,0.396,11,-13.394,0,0.296,0.416,0.00566,0.0658,0.465,89.986,audio_features,0JlBsGiZsmKnLO6hRBNLvE,spotify:track:0JlBsGiZsmKnLO6hRBNLvE,https://api.spotify.com/v1/tracks/0JlBsGiZsmKnLO6hRBNLvE,https://api.spotify.com/v1/audio-analysis/0JlBsGiZsmKnLO6hRBNLvE,464000,4
La Descarriá - Uji Remix,Corina Lawrence,spotify:track:4gpllGnbe4D4sTkJxykYsm,0.87,0.596,4,-10.129,1,0.106,0.0941,0.224,0.103,0.429,94.021,audio_features,4gpllGnbe4D4sTkJxykYsm,spotify:track:4gpllGnbe4D4sTkJxykYsm,https://api.spotify.com/v1/tracks/4gpllGnbe4D4sTkJxykYsm,https://api.spotify.com/v1/audio-analysis/4gpllGnbe4D4sTkJxykYsm,426642,4
La Descarriá - Uji Remix,Uji,spotify:track:4gpllGnbe4D4sTkJxykYsm,0.87,0.596,4,-10.129,1,0.106,0.0941,0.224,0.103,0.429,94.021,audio_features,4gpllGnbe4D4sTkJxykYsm,spotify:track:4gpllGnbe4D4sTkJxykYsm,https://api.spotify.com/v1/tracks/4gpllGnbe4D4sTkJxykYsm,https://api.spotify.com/v1/audio-analysis/4gpllGnbe4D4sTkJxykYsm,426642,4
La Descarriá - Uji Remix,Miss Bolivia,spotify:track:4gpllGnbe4D4sTkJxykYsm,0.87,0.596,4,-10.129,1,0.106,0.0941,0.224,0.103,0.429,94.021,audio_features,4gpllGnbe4D4sTkJxykYsm,spotify:track:4gpllGnbe4D4sTkJxykYsm,https://api.spotify.com/v1/tracks/4gpllGnbe4D4sTkJxykYsm,https://api.spotify.com/v1/audio-analysis/4gpllGnbe4D4sTkJxykYsm,426642,4
Cuando Canto Grito,Cerrero,spotify:track:6GuRkCEMRSf0FniWGOCL0f,0.458,0.569,5,-8.428,0,0.138,0.51,0.444,0.148,0.556,172.039,audio_features,6GuRkCEMRSf0FniWGOCL0f,spotify:track:6GuRkCEMRSf0FniWGOCL0f,https://api.spotify.com/v1/tracks/6GuRkCEMRSf0FniWGOCL0f,https://api.spotify.com/v1/audio-analysis/6GuRkCEMRSf0FniWGOCL0f,341074,4
Cuando Canto Grito,Lucía Pulido,spotify:track:6GuRkCEMRSf0FniWGOCL0f,0.458,0.569,5,-8.428,0,0.138,0.51,0.444,0.148,0.556,172.039,audio_features,6GuRkCEMRSf0FniWGOCL0f,spotify:track:6GuRkCEMRSf0FniWGOCL0f,https://api.spotify.com/v1/tracks/6GuRkCEMRSf0FniWGOCL0f,https://api.spotify.com/v1/audio-analysis/6GuRkCEMRSf0FniWGOCL0f,341074,4
Cuál es el secreto - Mitú Remix,Fernando Milagros,spotify:track:5wg2b7KNKZu4owB6PuHe7m,0.665,0.749,4,-6.773,0,0.127,0.0616,0.875,0.169,0.455,95.001,audio_features,5wg2b7KNKZu4owB6PuHe7m,spotify:track:5wg2b7KNKZu4owB6PuHe7m,https://api.spotify.com/v1/tracks/5wg2b7KNKZu4owB6PuHe7m,https://api.spotify.com/v1/audio-analysis/5wg2b7KNKZu4owB6PuHe7m,267655,4
Cuál es el secreto - Mitú Remix,Mitú,spotify:track:5wg2b7KNKZu4owB6PuHe7m,0.665,0.749,4,-6.773,0,0.127,0.0616,0.875,0.169,0.455,95.001,audio_features,5wg2b7KNKZu4owB6PuHe7m,spotify:track:5wg2b7KNKZu4owB6PuHe7m,https://api.spotify.com/v1/tracks/5wg2b7KNKZu4owB6PuHe7m,https://api.spotify.com/v1/audio-analysis/5wg2b7KNKZu4owB6PuHe7m,267655,4
Tragedia de Lo Inmutable,Taita Machine,spotify:track:6QVrzoFskrqmbY5iw7IPwO,0.732,0.222,11,-24.303,1,0.0543,0.503,0.689,0.099,0.226,96.017,audio_features,6QVrzoFskrqmbY5iw7IPwO,spotify:track:6QVrzoFskrqmbY5iw7IPwO,https://api.spotify.com/v1/tracks/6QVrzoFskrqmbY5iw7IPwO,https://api.spotify.com/v1/audio-analysis/6QVrzoFskrqmbY5iw7IPwO,285000,5
Happiness Is a Side Effect - El Buho Remix,Andrés Oddone,spotify:track:5RtV5FjWz1e2cncPv1PFIm,0.665,0.651,7,-8.135,1,0.0633,0.169,0.881,0.109,0.752,159.981,audio_features,5RtV5FjWz1e2cncPv1PFIm,spotify:track:5RtV5FjWz1e2cncPv1PFIm,https://api.spotify.com/v1/tracks/5RtV5FjWz1e2cncPv1PFIm,https://api.spotify.com/v1/audio-analysis/5RtV5FjWz1e2cncPv1PFIm,322850,4
Happiness Is a Side Effect - El Buho Remix,El Búho,spotify:track:5RtV5FjWz1e2cncPv1PFIm,0.665,0.651,7,-8.135,1,0.0633,0.169,0.881,0.109,0.752,159.981,audio_features,5RtV5FjWz1e2cncPv1PFIm,spotify:track:5RtV5FjWz1e2cncPv1PFIm,https://api.spotify.com/v1/tracks/5RtV5FjWz1e2cncPv1PFIm,https://api.spotify.com/v1/audio-analysis/5RtV5FjWz1e2cncPv1PFIm,322850,4
Okilomba,Coconutah,spotify:track:62Rt08ca81xVQgTdNNkxV4,0.736,0.605,0,-8.939,0,0.236,0.163,0.00402,0.085,0.292,179.896,audio_features,62Rt08ca81xVQgTdNNkxV4,spotify:track:62Rt08ca81xVQgTdNNkxV4,https://api.spotify.com/v1/tracks/62Rt08ca81xVQgTdNNkxV4,https://api.spotify.com/v1/audio-analysis/62Rt08ca81xVQgTdNNkxV4,278333,4
Okilomba,Kaygee,spotify:track:62Rt08ca81xVQgTdNNkxV4,0.736,0.605,0,-8.939,0,0.236,0.163,0.00402,0.085,0.292,179.896,audio_features,62Rt08ca81xVQgTdNNkxV4,spotify:track:62Rt08ca81xVQgTdNNkxV4,https://api.spotify.com/v1/tracks/62Rt08ca81xVQgTdNNkxV4,https://api.spotify.com/v1/audio-analysis/62Rt08ca81xVQgTdNNkxV4,278333,4
El Guararé (Radio Edit) (feat. Vicente García),Cato Anaya,spotify:track:65QzoMSwWfdyhUWKZfzYsJ,0.764,0.88,7,-5.294,0,0.0388,0.00326,0.000239,0.213,0.804,115.011,audio_features,65QzoMSwWfdyhUWKZfzYsJ,spotify:track:65QzoMSwWfdyhUWKZfzYsJ,https://api.spotify.com/v1/tracks/65QzoMSwWfdyhUWKZfzYsJ,https://api.spotify.com/v1/audio-analysis/65QzoMSwWfdyhUWKZfzYsJ,225587,4
El Guararé (Radio Edit) (feat. Vicente García),Vicente Garcia,spotify:track:65QzoMSwWfdyhUWKZfzYsJ,0.764,0.88,7,-5.294,0,0.0388,0.00326,0.000239,0.213,0.804,115.011,audio_features,65QzoMSwWfdyhUWKZfzYsJ,spotify:track:65QzoMSwWfdyhUWKZfzYsJ,https://api.spotify.com/v1/tracks/65QzoMSwWfdyhUWKZfzYsJ,https://api.spotify.com/v1/audio-analysis/65QzoMSwWfdyhUWKZfzYsJ,225587,4
Havana 1959 - Original Mix,Mano Tiro,spotify:track:0mLGT7ic65aL3RHAvnwsFv,0.8,0.859,7,-8.181,0,0.0497,0.0684,0.771,0.103,0.119,128.004,audio_features,0mLGT7ic65aL3RHAvnwsFv,spotify:track:0mLGT7ic65aL3RHAvnwsFv,https://api.spotify.com/v1/tracks/0mLGT7ic65aL3RHAvnwsFv,https://api.spotify.com/v1/audio-analysis/0mLGT7ic65aL3RHAvnwsFv,545391,4
Zaka,JAJA,spotify:track:6ElHskr6D4k6PdnlO0XgoI,0.686,0.555,2,-11.428,1,0.0647,0.352,0.879,0.114,0.411,91.028,audio_features,6ElHskr6D4k6PdnlO0XgoI,spotify:track:6ElHskr6D4k6PdnlO0XgoI,https://api.spotify.com/v1/tracks/6ElHskr6D4k6PdnlO0XgoI,https://api.spotify.com/v1/audio-analysis/6ElHskr6D4k6PdnlO0XgoI,464176,4
Hasata (La Source),Yeahman,spotify:track:3SBXSD7sgefD7XA0kRfqfh,0.695,0.552,8,-11.672,0,0.0336,0.128,0.876,0.0733,0.212,102.013,audio_features,3SBXSD7sgefD7XA0kRfqfh,spotify:track:3SBXSD7sgefD7XA0kRfqfh,https://api.spotify.com/v1/tracks/3SBXSD7sgefD7XA0kRfqfh,https://api.spotify.com/v1/audio-analysis/3SBXSD7sgefD7XA0kRfqfh,255386,4
Solo Quiero,Montoya,spotify:track:1eQLlIISC5S0zt29HHKRfX,0.608,0.636,5,-7.91,0,0.221,0.164,0.00436,0.0994,0.566,185.891,audio_features,1eQLlIISC5S0zt29HHKRfX,spotify:track:1eQLlIISC5S0zt29HHKRfX,https://api.spotify.com/v1/tracks/1eQLlIISC5S0zt29HHKRfX,https://api.spotify.com/v1/audio-analysis/1eQLlIISC5S0zt29HHKRfX,263226,4
Solo Quiero,Pedrina,spotify:track:1eQLlIISC5S0zt29HHKRfX,0.608,0.636,5,-7.91,0,0.221,0.164,0.00436,0.0994,0.566,185.891,audio_features,1eQLlIISC5S0zt29HHKRfX,spotify:track:1eQLlIISC5S0zt29HHKRfX,https://api.spotify.com/v1/tracks/1eQLlIISC5S0zt29HHKRfX,https://api.spotify.com/v1/audio-analysis/1eQLlIISC5S0zt29HHKRfX,263226,4
Zvichapera,Chiwoniso,spotify:track:0EB6LdcMyj0SHhCAR45CRi,0.681,0.436,10,-9.514,0,0.0767,0.842,4.19e-05,0.154,0.606,110.273,audio_features,0EB6LdcMyj0SHhCAR45CRi,spotify:track:0EB6LdcMyj0SHhCAR45CRi,https://api.spotify.com/v1/tracks/0EB6LdcMyj0SHhCAR45CRi,https://api.spotify.com/v1/audio-analysis/0EB6LdcMyj0SHhCAR45CRi,245000,3
La Niña Del Volcán (feat. Eva De Marce),YoSoyMatt,spotify:track:5AQHfoGrFB3u6MvWI0wrQr,0.809,0.4,9,-13.145,0,0.0337,0.119,0.0242,0.678,0.188,101.01,audio_features,5AQHfoGrFB3u6MvWI0wrQr,spotify:track:5AQHfoGrFB3u6MvWI0wrQr,https://api.spotify.com/v1/tracks/5AQHfoGrFB3u6MvWI0wrQr,https://api.spotify.com/v1/audio-analysis/5AQHfoGrFB3u6MvWI0wrQr,292672,4
La Niña Del Volcán (feat. Eva De Marce),Eva de Marce,spotify:track:5AQHfoGrFB3u6MvWI0wrQr,0.809,0.4,9,-13.145,0,0.0337,0.119,0.0242,0.678,0.188,101.01,audio_features,5AQHfoGrFB3u6MvWI0wrQr,spotify:track:5AQHfoGrFB3u6MvWI0wrQr,https://api.spotify.com/v1/tracks/5AQHfoGrFB3u6MvWI0wrQr,https://api.spotify.com/v1/audio-analysis/5AQHfoGrFB3u6MvWI0wrQr,292672,4
La Piragua,Umoja,spotify:track:41sfxCghJlbnWnql4QEfl7,0.865,0.499,6,-14.552,0,0.165,0.164,0.879,0.109,0.439,111.007,audio_features,41sfxCghJlbnWnql4QEfl7,spotify:track:41sfxCghJlbnWnql4QEfl7,https://api.spotify.com/v1/tracks/41sfxCghJlbnWnql4QEfl7,https://api.spotify.com/v1/audio-analysis/41sfxCghJlbnWnql4QEfl7,518919,4
Carajillo (feat. La Real),PAUZA,spotify:track:4QLr1uQfVnxnEIdPyQ8wtv,0.832,0.812,4,-8.536,0,0.079,0.0505,0.18,0.178,0.82,125.01,audio_features,4QLr1uQfVnxnEIdPyQ8wtv,spotify:track:4QLr1uQfVnxnEIdPyQ8wtv,https://api.spotify.com/v1/tracks/4QLr1uQfVnxnEIdPyQ8wtv,https://api.spotify.com/v1/audio-analysis/4QLr1uQfVnxnEIdPyQ8wtv,205440,4
Carajillo (feat. La Real),La Real,spotify:track:4QLr1uQfVnxnEIdPyQ8wtv,0.832,0.812,4,-8.536,0,0.079,0.0505,0.18,0.178,0.82,125.01,audio_features,4QLr1uQfVnxnEIdPyQ8wtv,spotify:track:4QLr1uQfVnxnEIdPyQ8wtv,https://api.spotify.com/v1/tracks/4QLr1uQfVnxnEIdPyQ8wtv,https://api.spotify.com/v1/audio-analysis/4QLr1uQfVnxnEIdPyQ8wtv,205440,4
RIVE,DJ Jigüe,spotify:track:5UjZFrcuZMe1EZf13f6QQ0,0.704,0.821,1,-7.715,1,0.0715,0.0331,0.649,0.0584,0.63,97.526,audio_features,5UjZFrcuZMe1EZf13f6QQ0,spotify:track:5UjZFrcuZMe1EZf13f6QQ0,https://api.spotify.com/v1/tracks/5UjZFrcuZMe1EZf13f6QQ0,https://api.spotify.com/v1/audio-analysis/5UjZFrcuZMe1EZf13f6QQ0,239539,3
Morenita - Original Mix,Ilary Montanari,spotify:track:66xJms03U7jnLwWjFn1gP6,0.753,0.698,10,-7.75,0,0.0514,0.00123,0.614,0.0726,0.738,124.006,audio_features,66xJms03U7jnLwWjFn1gP6,spotify:track:66xJms03U7jnLwWjFn1gP6,https://api.spotify.com/v1/tracks/66xJms03U7jnLwWjFn1gP6,https://api.spotify.com/v1/audio-analysis/66xJms03U7jnLwWjFn1gP6,472258,4
El Leopardo,El Leopardo,spotify:track:439wRQ0FvOglzxynpkwH50,0.776,0.503,7,-12.111,1,0.0729,0.505,0.788,0.114,0.417,99.029,audio_features,439wRQ0FvOglzxynpkwH50,spotify:track:439wRQ0FvOglzxynpkwH50,https://api.spotify.com/v1/tracks/439wRQ0FvOglzxynpkwH50,https://api.spotify.com/v1/audio-analysis/439wRQ0FvOglzxynpkwH50,329816,4
TOMA!!!,DJ Jigüe,spotify:track:78m91HiD5vw6e0RDA9Rdjn,0.827,0.542,1,-13.062,1,0.0539,0.0276,0.907,0.659,0.102,119.961,audio_features,78m91HiD5vw6e0RDA9Rdjn,spotify:track:78m91HiD5vw6e0RDA9Rdjn,https://api.spotify.com/v1/tracks/78m91HiD5vw6e0RDA9Rdjn,https://api.spotify.com/v1/audio-analysis/78m91HiD5vw6e0RDA9Rdjn,213427,4
TOMA!!!,El Menor,spotify:track:78m91HiD5vw6e0RDA9Rdjn,0.827,0.542,1,-13.062,1,0.0539,0.0276,0.907,0.659,0.102,119.961,audio_features,78m91HiD5vw6e0RDA9Rdjn,spotify:track:78m91HiD5vw6e0RDA9Rdjn,https://api.spotify.com/v1/tracks/78m91HiD5vw6e0RDA9Rdjn,https://api.spotify.com/v1/audio-analysis/78m91HiD5vw6e0RDA9Rdjn,213427,4
Sachamama - Kaminanda Remix,Poranguí,spotify:track:4sEDE2wuRzA0Q5V2tTxxlk,0.449,0.67,11,-9.655,1,0.0476,0.0299,0.855,0.106,0.168,113.99,audio_features,4sEDE2wuRzA0Q5V2tTxxlk,spotify:track:4sEDE2wuRzA0Q5V2tTxxlk,https://api.spotify.com/v1/tracks/4sEDE2wuRzA0Q5V2tTxxlk,https://api.spotify.com/v1/audio-analysis/4sEDE2wuRzA0Q5V2tTxxlk,503031,4
Sachamama - Kaminanda Remix,Kaminanda,spotify:track:4sEDE2wuRzA0Q5V2tTxxlk,0.449,0.67,11,-9.655,1,0.0476,0.0299,0.855,0.106,0.168,113.99,audio_features,4sEDE2wuRzA0Q5V2tTxxlk,spotify:track:4sEDE2wuRzA0Q5V2tTxxlk,https://api.spotify.com/v1/tracks/4sEDE2wuRzA0Q5V2tTxxlk,https://api.spotify.com/v1/audio-analysis/4sEDE2wuRzA0Q5V2tTxxlk,503031,4
El Quinto Sol,Temoaya,spotify:track:78YPww1hualfXfC88Ayiob,0.875,0.473,2,-12.382,1,0.118,0.0809,0.877,0.113,0.304,95.032,audio_features,78YPww1hualfXfC88Ayiob,spotify:track:78YPww1hualfXfC88Ayiob,https://api.spotify.com/v1/tracks/78YPww1hualfXfC88Ayiob,https://api.spotify.com/v1/audio-analysis/78YPww1hualfXfC88Ayiob,201749,4
Summer Rain,Le Parody,spotify:track:37srX95yEWagMPkspM1xr1,0.737,0.876,0,-4.995,1,0.0301,0.385,0.0484,0.106,0.74,134.949,audio_features,37srX95yEWagMPkspM1xr1,spotify:track:37srX95yEWagMPkspM1xr1,https://api.spotify.com/v1/tracks/37srX95yEWagMPkspM1xr1,https://api.spotify.com/v1/audio-analysis/37srX95yEWagMPkspM1xr1,190112,4
Summer Rain,Gizmo Varillas,spotify:track:37srX95yEWagMPkspM1xr1,0.737,0.876,0,-4.995,1,0.0301,0.385,0.0484,0.106,0.74,134.949,audio_features,37srX95yEWagMPkspM1xr1,spotify:track:37srX95yEWagMPkspM1xr1,https://api.spotify.com/v1/tracks/37srX95yEWagMPkspM1xr1,https://api.spotify.com/v1/audio-analysis/37srX95yEWagMPkspM1xr1,190112,4
Sueños de la Selva - Yaima Remix,Poranguí,spotify:track:3cM2bjK8KVEpHsGl241bGI,0.333,0.404,7,-13.394,0,0.0691,0.51,0.76,0.0718,0.0777,95.996,audio_features,3cM2bjK8KVEpHsGl241bGI,spotify:track:3cM2bjK8KVEpHsGl241bGI,https://api.spotify.com/v1/tracks/3cM2bjK8KVEpHsGl241bGI,https://api.spotify.com/v1/audio-analysis/3cM2bjK8KVEpHsGl241bGI,317560,4
Sueños de la Selva - Yaima Remix,Yaima,spotify:track:3cM2bjK8KVEpHsGl241bGI,0.333,0.404,7,-13.394,0,0.0691,0.51,0.76,0.0718,0.0777,95.996,audio_features,3cM2bjK8KVEpHsGl241bGI,spotify:track:3cM2bjK8KVEpHsGl241bGI,https://api.spotify.com/v1/tracks/3cM2bjK8KVEpHsGl241bGI,https://api.spotify.com/v1/audio-analysis/3cM2bjK8KVEpHsGl241bGI,317560,4
El Nogal de las Pampas (Chancha Vía Circuito Remix),Lagartijeando,spotify:track:3YDhQVbR49O8w0AoNooSs3,0.687,0.736,7,-9.912,0,0.0343,0.389,0.552,0.119,0.0905,89.986,audio_features,3YDhQVbR49O8w0AoNooSs3,spotify:track:3YDhQVbR49O8w0AoNooSs3,https://api.spotify.com/v1/tracks/3YDhQVbR49O8w0AoNooSs3,https://api.spotify.com/v1/audio-analysis/3YDhQVbR49O8w0AoNooSs3,214617,4
El Nogal de las Pampas (Chancha Vía Circuito Remix),Chancha Via Circuito,spotify:track:3YDhQVbR49O8w0AoNooSs3,0.687,0.736,7,-9.912,0,0.0343,0.389,0.552,0.119,0.0905,89.986,audio_features,3YDhQVbR49O8w0AoNooSs3,spotify:track:3YDhQVbR49O8w0AoNooSs3,https://api.spotify.com/v1/tracks/3YDhQVbR49O8w0AoNooSs3,https://api.spotify.com/v1/audio-analysis/3YDhQVbR49O8w0AoNooSs3,214617,4
Mantra,Dandara,spotify:track:5nmlaN3raqjnukHFDloJLD,0.765,0.567,4,-9.695,0,0.154,0.479,0.901,0.0844,0.328,95.995,audio_features,5nmlaN3raqjnukHFDloJLD,spotify:track:5nmlaN3raqjnukHFDloJLD,https://api.spotify.com/v1/tracks/5nmlaN3raqjnukHFDloJLD,https://api.spotify.com/v1/audio-analysis/5nmlaN3raqjnukHFDloJLD,384000,4
Desperate Man (feat. Khan) - Canson - Ray Of Hope Mix,Kalabrese,spotify:track:2kYfoMA7U0x1eAZev268T0,0.879,0.495,4,-10.404,0,0.0746,0.207,0.759,0.0925,0.495,116.012,audio_features,2kYfoMA7U0x1eAZev268T0,spotify:track:2kYfoMA7U0x1eAZev268T0,https://api.spotify.com/v1/tracks/2kYfoMA7U0x1eAZev268T0,https://api.spotify.com/v1/audio-analysis/2kYfoMA7U0x1eAZev268T0,447095,4
Desperate Man (feat. Khan) - Canson - Ray Of Hope Mix,Khan,spotify:track:2kYfoMA7U0x1eAZev268T0,0.879,0.495,4,-10.404,0,0.0746,0.207,0.759,0.0925,0.495,116.012,audio_features,2kYfoMA7U0x1eAZev268T0,spotify:track:2kYfoMA7U0x1eAZev268T0,https://api.spotify.com/v1/tracks/2kYfoMA7U0x1eAZev268T0,https://api.spotify.com/v1/audio-analysis/2kYfoMA7U0x1eAZev268T0,447095,4
Santiago,Newen Afrobeat,spotify:track:0DCEBEtw6MzGZsQ5X8dQDO,0.593,0.772,2,-6.101,1,0.0547,0.116,0.166,0.194,0.462,128.016,audio_features,0DCEBEtw6MzGZsQ5X8dQDO,spotify:track:0DCEBEtw6MzGZsQ5X8dQDO,https://api.spotify.com/v1/tracks/0DCEBEtw6MzGZsQ5X8dQDO,https://api.spotify.com/v1/audio-analysis/0DCEBEtw6MzGZsQ5X8dQDO,811627,4
Tar,Luca Gudermann,spotify:track:6C0mOnEcp9XsE7Zk9nCmJL,0.805,0.551,1,-9.408,0,0.0376,0.0239,0.589,0.0998,0.113,120.01,audio_features,6C0mOnEcp9XsE7Zk9nCmJL,spotify:track:6C0mOnEcp9XsE7Zk9nCmJL,https://api.spotify.com/v1/tracks/6C0mOnEcp9XsE7Zk9nCmJL,https://api.spotify.com/v1/audio-analysis/6C0mOnEcp9XsE7Zk9nCmJL,292010,4
Quemada,Yeahman,spotify:track:3bf1ReRlCesuUlXSgjbqED,0.78,0.547,1,-9.554,0,0.0533,0.566,0.845,0.154,0.218,109.997,audio_features,3bf1ReRlCesuUlXSgjbqED,spotify:track:3bf1ReRlCesuUlXSgjbqED,https://api.spotify.com/v1/tracks/3bf1ReRlCesuUlXSgjbqED,https://api.spotify.com/v1/audio-analysis/3bf1ReRlCesuUlXSgjbqED,267783,4
Fisterra (El Búho Dub),Baiuca,spotify:track:7mO8eqKfD84BmjnM7tbnBL,0.642,0.552,0,-12.345,1,0.0514,0.0168,0.397,0.335,0.479,158.016,audio_features,7mO8eqKfD84BmjnM7tbnBL,spotify:track:7mO8eqKfD84BmjnM7tbnBL,https://api.spotify.com/v1/tracks/7mO8eqKfD84BmjnM7tbnBL,https://api.spotify.com/v1/audio-analysis/7mO8eqKfD84BmjnM7tbnBL,258628,4
Fisterra (El Búho Dub),CARLANGAS,spotify:track:7mO8eqKfD84BmjnM7tbnBL,0.642,0.552,0,-12.345,1,0.0514,0.0168,0.397,0.335,0.479,158.016,audio_features,7mO8eqKfD84BmjnM7tbnBL,spotify:track:7mO8eqKfD84BmjnM7tbnBL,https://api.spotify.com/v1/tracks/7mO8eqKfD84BmjnM7tbnBL,https://api.spotify.com/v1/audio-analysis/7mO8eqKfD84BmjnM7tbnBL,258628,4
Fisterra (El Búho Dub),El Búho,spotify:track:7mO8eqKfD84BmjnM7tbnBL,0.642,0.552,0,-12.345,1,0.0514,0.0168,0.397,0.335,0.479,158.016,audio_features,7mO8eqKfD84BmjnM7tbnBL,spotify:track:7mO8eqKfD84BmjnM7tbnBL,https://api.spotify.com/v1/tracks/7mO8eqKfD84BmjnM7tbnBL,https://api.spotify.com/v1/audio-analysis/7mO8eqKfD84BmjnM7tbnBL,258628,4
Cumbia Sobre el Mar (El Búho Remix),Quantic,spotify:track:0HdHd5mJlqFqv8PqAGDsEw,0.651,0.731,3,-6.004,0,0.0368,0.187,0.138,0.0479,0.692,159.919,audio_features,0HdHd5mJlqFqv8PqAGDsEw,spotify:track:0HdHd5mJlqFqv8PqAGDsEw,https://api.spotify.com/v1/tracks/0HdHd5mJlqFqv8PqAGDsEw,https://api.spotify.com/v1/audio-analysis/0HdHd5mJlqFqv8PqAGDsEw,312915,4
Cumbia Sobre el Mar (El Búho Remix),Flowering Inferno,spotify:track:0HdHd5mJlqFqv8PqAGDsEw,0.651,0.731,3,-6.004,0,0.0368,0.187,0.138,0.0479,0.692,159.919,audio_features,0HdHd5mJlqFqv8PqAGDsEw,spotify:track:0HdHd5mJlqFqv8PqAGDsEw,https://api.spotify.com/v1/tracks/0HdHd5mJlqFqv8PqAGDsEw,https://api.spotify.com/v1/audio-analysis/0HdHd5mJlqFqv8PqAGDsEw,312915,4
Cumbia Sobre el Mar (El Búho Remix),El Búho,spotify:track:0HdHd5mJlqFqv8PqAGDsEw,0.651,0.731,3,-6.004,0,0.0368,0.187,0.138,0.0479,0.692,159.919,audio_features,0HdHd5mJlqFqv8PqAGDsEw,spotify:track:0HdHd5mJlqFqv8PqAGDsEw,https://api.spotify.com/v1/tracks/0HdHd5mJlqFqv8PqAGDsEw,https://api.spotify.com/v1/audio-analysis/0HdHd5mJlqFqv8PqAGDsEw,312915,4
Purqué?,Elbueno,spotify:track:4foj3llOoNvMwVAvdBPTmb,0.94,0.4,7,-12.356,1,0.0918,0.128,0.176,0.0516,0.365,119.992,audio_features,4foj3llOoNvMwVAvdBPTmb,spotify:track:4foj3llOoNvMwVAvdBPTmb,https://api.spotify.com/v1/tracks/4foj3llOoNvMwVAvdBPTmb,https://api.spotify.com/v1/audio-analysis/4foj3llOoNvMwVAvdBPTmb,260000,4
"Sex, drugs and militant veganism",Aron Estocolmo,spotify:track:2ssiFDOtShVw7dTjUTES68,0.702,0.582,4,-8.898,0,0.032,0.331,0.923,0.119,0.309,115.997,audio_features,2ssiFDOtShVw7dTjUTES68,spotify:track:2ssiFDOtShVw7dTjUTES68,https://api.spotify.com/v1/tracks/2ssiFDOtShVw7dTjUTES68,https://api.spotify.com/v1/audio-analysis/2ssiFDOtShVw7dTjUTES68,375517,4
Florcita - Ohxalá Remix,Frohlocker,spotify:track:3R9YUhCRhUw0QnTQw64dmB,0.569,0.904,11,-8.212,0,0.0395,0.000877,0.688,0.0667,0.626,100.991,audio_features,3R9YUhCRhUw0QnTQw64dmB,spotify:track:3R9YUhCRhUw0QnTQw64dmB,https://api.spotify.com/v1/tracks/3R9YUhCRhUw0QnTQw64dmB,https://api.spotify.com/v1/audio-analysis/3R9YUhCRhUw0QnTQw64dmB,312000,4
Florcita - Ohxalá Remix,Ohxalá,spotify:track:3R9YUhCRhUw0QnTQw64dmB,0.569,0.904,11,-8.212,0,0.0395,0.000877,0.688,0.0667,0.626,100.991,audio_features,3R9YUhCRhUw0QnTQw64dmB,spotify:track:3R9YUhCRhUw0QnTQw64dmB,https://api.spotify.com/v1/tracks/3R9YUhCRhUw0QnTQw64dmB,https://api.spotify.com/v1/audio-analysis/3R9YUhCRhUw0QnTQw64dmB,312000,4
Piparipa,Zero Bala Sounds,spotify:track:5AnnoSEGHVffHObIcw16LG,0.753,0.643,10,-12.226,0,0.0476,0.044,0.422,0.088,0.228,100.018,audio_features,5AnnoSEGHVffHObIcw16LG,spotify:track:5AnnoSEGHVffHObIcw16LG,https://api.spotify.com/v1/tracks/5AnnoSEGHVffHObIcw16LG,https://api.spotify.com/v1/audio-analysis/5AnnoSEGHVffHObIcw16LG,165600,4
Jenga,Uji,spotify:track:3TfQGdcFcQL9sKL3PV1QMU,0.798,0.401,2,-13.926,1,0.226,0.258,0.843,0.38,0.414,160.062,audio_features,3TfQGdcFcQL9sKL3PV1QMU,spotify:track:3TfQGdcFcQL9sKL3PV1QMU,https://api.spotify.com/v1/tracks/3TfQGdcFcQL9sKL3PV1QMU,https://api.spotify.com/v1/audio-analysis/3TfQGdcFcQL9sKL3PV1QMU,406349,4
Nacimiento,Danilo Arroyo,spotify:track:631FRxwq0ntZ6TFGIWypgb,0.606,0.465,9,-9.038,0,0.0732,0.553,0.107,0.151,0.436,189.613,audio_features,631FRxwq0ntZ6TFGIWypgb,spotify:track:631FRxwq0ntZ6TFGIWypgb,https://api.spotify.com/v1/tracks/631FRxwq0ntZ6TFGIWypgb,https://api.spotify.com/v1/audio-analysis/631FRxwq0ntZ6TFGIWypgb,294682,4
Nacimiento,Ana,spotify:track:631FRxwq0ntZ6TFGIWypgb,0.606,0.465,9,-9.038,0,0.0732,0.553,0.107,0.151,0.436,189.613,audio_features,631FRxwq0ntZ6TFGIWypgb,spotify:track:631FRxwq0ntZ6TFGIWypgb,https://api.spotify.com/v1/tracks/631FRxwq0ntZ6TFGIWypgb,https://api.spotify.com/v1/audio-analysis/631FRxwq0ntZ6TFGIWypgb,294682,4
Nacimiento,Kaya Cachimuel de Yarina,spotify:track:631FRxwq0ntZ6TFGIWypgb,0.606,0.465,9,-9.038,0,0.0732,0.553,0.107,0.151,0.436,189.613,audio_features,631FRxwq0ntZ6TFGIWypgb,spotify:track:631FRxwq0ntZ6TFGIWypgb,https://api.spotify.com/v1/tracks/631FRxwq0ntZ6TFGIWypgb,https://api.spotify.com/v1/audio-analysis/631FRxwq0ntZ6TFGIWypgb,294682,4
En busca e' mi tierra,VRuno,spotify:track:1qyUshmAcY0fk9So2LhpOK,0.816,0.312,4,-17.32,0,0.107,0.0456,0.88,0.107,0.18,91.998,audio_features,1qyUshmAcY0fk9So2LhpOK,spotify:track:1qyUshmAcY0fk9So2LhpOK,https://api.spotify.com/v1/tracks/1qyUshmAcY0fk9So2LhpOK,https://api.spotify.com/v1/audio-analysis/1qyUshmAcY0fk9So2LhpOK,459121,4
Hornero,El Búho,spotify:track:5As3veKzjibRsyxGcx3bCF,0.644,0.409,5,-12.953,0,0.0536,0.143,0.76,0.0958,0.269,198.005,audio_features,5As3veKzjibRsyxGcx3bCF,spotify:track:5As3veKzjibRsyxGcx3bCF,https://api.spotify.com/v1/tracks/5As3veKzjibRsyxGcx3bCF,https://api.spotify.com/v1/audio-analysis/5As3veKzjibRsyxGcx3bCF,304132,4
Hornero,Barda,spotify:track:5As3veKzjibRsyxGcx3bCF,0.644,0.409,5,-12.953,0,0.0536,0.143,0.76,0.0958,0.269,198.005,audio_features,5As3veKzjibRsyxGcx3bCF,spotify:track:5As3veKzjibRsyxGcx3bCF,https://api.spotify.com/v1/tracks/5As3veKzjibRsyxGcx3bCF,https://api.spotify.com/v1/audio-analysis/5As3veKzjibRsyxGcx3bCF,304132,4
Colar de Concha,Kurup,spotify:track:6gJODtm6KVL4mEMA3NADLg,0.814,0.555,9,-10.69,1,0.151,0.192,0.0531,0.0842,0.693,160.001,audio_features,6gJODtm6KVL4mEMA3NADLg,spotify:track:6gJODtm6KVL4mEMA3NADLg,https://api.spotify.com/v1/tracks/6gJODtm6KVL4mEMA3NADLg,https://api.spotify.com/v1/audio-analysis/6gJODtm6KVL4mEMA3NADLg,359971,4
Canto a la Paz - Jin Yerei Remix,Pol Nada,spotify:track:3cNhr5kTOecdLTW0Z9ORfD,0.733,0.462,11,-11.304,0,0.0953,0.299,0.601,0.0953,0.278,87.977,audio_features,3cNhr5kTOecdLTW0Z9ORfD,spotify:track:3cNhr5kTOecdLTW0Z9ORfD,https://api.spotify.com/v1/tracks/3cNhr5kTOecdLTW0Z9ORfD,https://api.spotify.com/v1/audio-analysis/3cNhr5kTOecdLTW0Z9ORfD,384223,4
Canto a la Paz - Jin Yerei Remix,Jin Yerei,spotify:track:3cNhr5kTOecdLTW0Z9ORfD,0.733,0.462,11,-11.304,0,0.0953,0.299,0.601,0.0953,0.278,87.977,audio_features,3cNhr5kTOecdLTW0Z9ORfD,spotify:track:3cNhr5kTOecdLTW0Z9ORfD,https://api.spotify.com/v1/tracks/3cNhr5kTOecdLTW0Z9ORfD,https://api.spotify.com/v1/audio-analysis/3cNhr5kTOecdLTW0Z9ORfD,384223,4
Belleza en el Aire (Remix),Barrio Lindo,spotify:track:5Pe9NcKyzwtefBusAGSCoJ,0.762,0.556,7,-11.218,1,0.0719,0.0488,0.848,0.0544,0.356,93.0,audio_features,5Pe9NcKyzwtefBusAGSCoJ,spotify:track:5Pe9NcKyzwtefBusAGSCoJ,https://api.spotify.com/v1/tracks/5Pe9NcKyzwtefBusAGSCoJ,https://api.spotify.com/v1/audio-analysis/5Pe9NcKyzwtefBusAGSCoJ,314854,4
Belleza en el Aire (Remix),Barda,spotify:track:5Pe9NcKyzwtefBusAGSCoJ,0.762,0.556,7,-11.218,1,0.0719,0.0488,0.848,0.0544,0.356,93.0,audio_features,5Pe9NcKyzwtefBusAGSCoJ,spotify:track:5Pe9NcKyzwtefBusAGSCoJ,https://api.spotify.com/v1/tracks/5Pe9NcKyzwtefBusAGSCoJ,https://api.spotify.com/v1/audio-analysis/5Pe9NcKyzwtefBusAGSCoJ,314854,4
Belleza en el Aire (Remix),SidiRum,spotify:track:5Pe9NcKyzwtefBusAGSCoJ,0.762,0.556,7,-11.218,1,0.0719,0.0488,0.848,0.0544,0.356,93.0,audio_features,5Pe9NcKyzwtefBusAGSCoJ,spotify:track:5Pe9NcKyzwtefBusAGSCoJ,https://api.spotify.com/v1/tracks/5Pe9NcKyzwtefBusAGSCoJ,https://api.spotify.com/v1/audio-analysis/5Pe9NcKyzwtefBusAGSCoJ,314854,4
Oruga,Chancha Via Circuito,spotify:track:2lTqOAdDjdBkWGeImjv9UB,0.662,0.611,0,-10.856,0,0.135,0.281,0.854,0.0979,0.54,174.002,audio_features,2lTqOAdDjdBkWGeImjv9UB,spotify:track:2lTqOAdDjdBkWGeImjv9UB,https://api.spotify.com/v1/tracks/2lTqOAdDjdBkWGeImjv9UB,https://api.spotify.com/v1/audio-analysis/2lTqOAdDjdBkWGeImjv9UB,265938,4
Oruga,El Búho,spotify:track:2lTqOAdDjdBkWGeImjv9UB,0.662,0.611,0,-10.856,0,0.135,0.281,0.854,0.0979,0.54,174.002,audio_features,2lTqOAdDjdBkWGeImjv9UB,spotify:track:2lTqOAdDjdBkWGeImjv9UB,https://api.spotify.com/v1/tracks/2lTqOAdDjdBkWGeImjv9UB,https://api.spotify.com/v1/audio-analysis/2lTqOAdDjdBkWGeImjv9UB,265938,4
Drom Tradisie,Nicola Cruz,spotify:track:6L9tKcvLv0B8QlxNIQz9jQ,0.726,0.718,10,-8.519,0,0.047,0.837,0.89,0.257,0.599,112.048,audio_features,6L9tKcvLv0B8QlxNIQz9jQ,spotify:track:6L9tKcvLv0B8QlxNIQz9jQ,https://api.spotify.com/v1/tracks/6L9tKcvLv0B8QlxNIQz9jQ,https://api.spotify.com/v1/audio-analysis/6L9tKcvLv0B8QlxNIQz9jQ,138105,4
El Mago Georges,Chancha Via Circuito,spotify:track:1CJ5JejmIAEtShoxy8DQHU,0.804,0.721,9,-9.555,0,0.0466,0.137,0.881,0.101,0.418,114.972,audio_features,1CJ5JejmIAEtShoxy8DQHU,spotify:track:1CJ5JejmIAEtShoxy8DQHU,https://api.spotify.com/v1/tracks/1CJ5JejmIAEtShoxy8DQHU,https://api.spotify.com/v1/audio-analysis/1CJ5JejmIAEtShoxy8DQHU,235032,4
El Mago Georges,El Búho,spotify:track:1CJ5JejmIAEtShoxy8DQHU,0.804,0.721,9,-9.555,0,0.0466,0.137,0.881,0.101,0.418,114.972,audio_features,1CJ5JejmIAEtShoxy8DQHU,spotify:track:1CJ5JejmIAEtShoxy8DQHU,https://api.spotify.com/v1/tracks/1CJ5JejmIAEtShoxy8DQHU,https://api.spotify.com/v1/audio-analysis/1CJ5JejmIAEtShoxy8DQHU,235032,4
Respira - Rodrigo Gallardo Remix,Santi & Tuğçe,spotify:track:6NfRIGHHndIaA6McjUSV9F,0.808,0.555,4,-9.522,0,0.218,0.0106,0.713,0.0774,0.463,103.005,audio_features,6NfRIGHHndIaA6McjUSV9F,spotify:track:6NfRIGHHndIaA6McjUSV9F,https://api.spotify.com/v1/tracks/6NfRIGHHndIaA6McjUSV9F,https://api.spotify.com/v1/audio-analysis/6NfRIGHHndIaA6McjUSV9F,398540,4
Respira - Rodrigo Gallardo Remix,Tuğçe Kurtiş,spotify:track:6NfRIGHHndIaA6McjUSV9F,0.808,0.555,4,-9.522,0,0.218,0.0106,0.713,0.0774,0.463,103.005,audio_features,6NfRIGHHndIaA6McjUSV9F,spotify:track:6NfRIGHHndIaA6McjUSV9F,https://api.spotify.com/v1/tracks/6NfRIGHHndIaA6McjUSV9F,https://api.spotify.com/v1/audio-analysis/6NfRIGHHndIaA6McjUSV9F,398540,4
Respira - Rodrigo Gallardo Remix,Rodrigo Gallardo,spotify:track:6NfRIGHHndIaA6McjUSV9F,0.808,0.555,4,-9.522,0,0.218,0.0106,0.713,0.0774,0.463,103.005,audio_features,6NfRIGHHndIaA6McjUSV9F,spotify:track:6NfRIGHHndIaA6McjUSV9F,https://api.spotify.com/v1/tracks/6NfRIGHHndIaA6McjUSV9F,https://api.spotify.com/v1/audio-analysis/6NfRIGHHndIaA6McjUSV9F,398540,4
Ouvre la Porte - El Extravagante Remix,El Gato Negro,spotify:track:5JLlEywICQYwTilK8zTLSt,0.831,0.778,7,-6.607,1,0.0535,0.00557,0.287,0.27,0.451,105.006,audio_features,5JLlEywICQYwTilK8zTLSt,spotify:track:5JLlEywICQYwTilK8zTLSt,https://api.spotify.com/v1/tracks/5JLlEywICQYwTilK8zTLSt,https://api.spotify.com/v1/audio-analysis/5JLlEywICQYwTilK8zTLSt,260587,4
Ouvre la Porte - El Extravagante Remix,El Extravagante,spotify:track:5JLlEywICQYwTilK8zTLSt,0.831,0.778,7,-6.607,1,0.0535,0.00557,0.287,0.27,0.451,105.006,audio_features,5JLlEywICQYwTilK8zTLSt,spotify:track:5JLlEywICQYwTilK8zTLSt,https://api.spotify.com/v1/tracks/5JLlEywICQYwTilK8zTLSt,https://api.spotify.com/v1/audio-analysis/5JLlEywICQYwTilK8zTLSt,260587,4
Raíces - Aron Estocolmo Remix,Nau Leone,spotify:track:0cZvpRtQrHzwr8rWYgOnib,0.697,0.753,4,-9.574,0,0.048,0.0231,0.744,0.0533,0.0507,109.996,audio_features,0cZvpRtQrHzwr8rWYgOnib,spotify:track:0cZvpRtQrHzwr8rWYgOnib,https://api.spotify.com/v1/tracks/0cZvpRtQrHzwr8rWYgOnib,https://api.spotify.com/v1/audio-analysis/0cZvpRtQrHzwr8rWYgOnib,395476,4
Raíces - Aron Estocolmo Remix,Aron Estocolmo,spotify:track:0cZvpRtQrHzwr8rWYgOnib,0.697,0.753,4,-9.574,0,0.048,0.0231,0.744,0.0533,0.0507,109.996,audio_features,0cZvpRtQrHzwr8rWYgOnib,spotify:track:0cZvpRtQrHzwr8rWYgOnib,https://api.spotify.com/v1/tracks/0cZvpRtQrHzwr8rWYgOnib,https://api.spotify.com/v1/audio-analysis/0cZvpRtQrHzwr8rWYgOnib,395476,4
Fisterra,Baiuca,spotify:track:5LZOyV8guj7AVfZSvK2PUc,0.742,0.433,0,-12.589,1,0.126,0.00383,0.0514,0.0896,0.565,169.963,audio_features,5LZOyV8guj7AVfZSvK2PUc,spotify:track:5LZOyV8guj7AVfZSvK2PUc,https://api.spotify.com/v1/tracks/5LZOyV8guj7AVfZSvK2PUc,https://api.spotify.com/v1/audio-analysis/5LZOyV8guj7AVfZSvK2PUc,254510,4
Fisterra,CARLANGAS,spotify:track:5LZOyV8guj7AVfZSvK2PUc,0.742,0.433,0,-12.589,1,0.126,0.00383,0.0514,0.0896,0.565,169.963,audio_features,5LZOyV8guj7AVfZSvK2PUc,spotify:track:5LZOyV8guj7AVfZSvK2PUc,https://api.spotify.com/v1/tracks/5LZOyV8guj7AVfZSvK2PUc,https://api.spotify.com/v1/audio-analysis/5LZOyV8guj7AVfZSvK2PUc,254510,4
Alma Mía (Baiuca Remix),LaTorre,spotify:track:7ssA80gGBpzeRdfWKlXXcA,0.749,0.614,7,-9.569,1,0.0648,0.00149,0.484,0.0789,0.453,94.991,audio_features,7ssA80gGBpzeRdfWKlXXcA,spotify:track:7ssA80gGBpzeRdfWKlXXcA,https://api.spotify.com/v1/tracks/7ssA80gGBpzeRdfWKlXXcA,https://api.spotify.com/v1/audio-analysis/7ssA80gGBpzeRdfWKlXXcA,315415,4
Alma Mía (Baiuca Remix),Baiuca,spotify:track:7ssA80gGBpzeRdfWKlXXcA,0.749,0.614,7,-9.569,1,0.0648,0.00149,0.484,0.0789,0.453,94.991,audio_features,7ssA80gGBpzeRdfWKlXXcA,spotify:track:7ssA80gGBpzeRdfWKlXXcA,https://api.spotify.com/v1/tracks/7ssA80gGBpzeRdfWKlXXcA,https://api.spotify.com/v1/audio-analysis/7ssA80gGBpzeRdfWKlXXcA,315415,4
Chevreuil Blanc,El Extravagante,spotify:track:4v3rTwFENIcK5Gwu1YNYNS,0.758,0.678,5,-5.658,1,0.0514,0.139,0.0103,0.126,0.446,100.008,audio_features,4v3rTwFENIcK5Gwu1YNYNS,spotify:track:4v3rTwFENIcK5Gwu1YNYNS,https://api.spotify.com/v1/tracks/4v3rTwFENIcK5Gwu1YNYNS,https://api.spotify.com/v1/audio-analysis/4v3rTwFENIcK5Gwu1YNYNS,204015,4
Chevreuil Blanc,Nectar de Estrellas,spotify:track:4v3rTwFENIcK5Gwu1YNYNS,0.758,0.678,5,-5.658,1,0.0514,0.139,0.0103,0.126,0.446,100.008,audio_features,4v3rTwFENIcK5Gwu1YNYNS,spotify:track:4v3rTwFENIcK5Gwu1YNYNS,https://api.spotify.com/v1/tracks/4v3rTwFENIcK5Gwu1YNYNS,https://api.spotify.com/v1/audio-analysis/4v3rTwFENIcK5Gwu1YNYNS,204015,4
Pueblos,Migra,spotify:track:4a8rEXPtr3ojwfDbvRsVPl,0.658,0.765,9,-6.803,0,0.041,0.568,0.504,0.0785,0.252,95.004,audio_features,4a8rEXPtr3ojwfDbvRsVPl,spotify:track:4a8rEXPtr3ojwfDbvRsVPl,https://api.spotify.com/v1/tracks/4a8rEXPtr3ojwfDbvRsVPl,https://api.spotify.com/v1/audio-analysis/4a8rEXPtr3ojwfDbvRsVPl,260211,4
Planta Maestra,Sonikgroove,spotify:track:6OgLRGywjfRQkE10HMbpoD,0.692,0.478,3,-10.249,0,0.188,0.0997,0.793,0.0868,0.784,179.995,audio_features,6OgLRGywjfRQkE10HMbpoD,spotify:track:6OgLRGywjfRQkE10HMbpoD,https://api.spotify.com/v1/tracks/6OgLRGywjfRQkE10HMbpoD,https://api.spotify.com/v1/audio-analysis/6OgLRGywjfRQkE10HMbpoD,325866,4
Quedate Luna,Devendra Banhart,spotify:track:0AFBTfI6zDUBLy0oi1pqZg,0.564,0.254,4,-16.248,0,0.0872,0.903,0.00227,0.0941,0.249,88.2,audio_features,0AFBTfI6zDUBLy0oi1pqZg,spotify:track:0AFBTfI6zDUBLy0oi1pqZg,https://api.spotify.com/v1/tracks/0AFBTfI6zDUBLy0oi1pqZg,https://api.spotify.com/v1/audio-analysis/0AFBTfI6zDUBLy0oi1pqZg,187467,4
Harmonizing,Lobo Lawen,spotify:track:1jjSzecJnwGIVACXbMjAg0,0.748,0.577,7,-12.279,0,0.0562,0.208,0.85,0.0981,0.698,100.002,audio_features,1jjSzecJnwGIVACXbMjAg0,spotify:track:1jjSzecJnwGIVACXbMjAg0,https://api.spotify.com/v1/tracks/1jjSzecJnwGIVACXbMjAg0,https://api.spotify.com/v1/audio-analysis/1jjSzecJnwGIVACXbMjAg0,240000,4
Humano (El Búho Remix),Lido Pimienta,spotify:track:44F8c2lMrL5rSDCvhR1UJb,0.498,0.402,8,-9.359,1,0.045,0.799,0.491,0.0854,0.311,112.467,audio_features,44F8c2lMrL5rSDCvhR1UJb,spotify:track:44F8c2lMrL5rSDCvhR1UJb,https://api.spotify.com/v1/tracks/44F8c2lMrL5rSDCvhR1UJb,https://api.spotify.com/v1/audio-analysis/44F8c2lMrL5rSDCvhR1UJb,275593,3
Humano (El Búho Remix),El Búho,spotify:track:44F8c2lMrL5rSDCvhR1UJb,0.498,0.402,8,-9.359,1,0.045,0.799,0.491,0.0854,0.311,112.467,audio_features,44F8c2lMrL5rSDCvhR1UJb,spotify:track:44F8c2lMrL5rSDCvhR1UJb,https://api.spotify.com/v1/tracks/44F8c2lMrL5rSDCvhR1UJb,https://api.spotify.com/v1/audio-analysis/44F8c2lMrL5rSDCvhR1UJb,275593,3
El Cóndor Pasa,Desierto y Agua,spotify:track:3SZVevGYMrnPJwRo85GApI,0.787,0.563,7,-8.779,1,0.0453,0.025,0.854,0.0706,0.37,100.008,audio_features,3SZVevGYMrnPJwRo85GApI,spotify:track:3SZVevGYMrnPJwRo85GApI,https://api.spotify.com/v1/tracks/3SZVevGYMrnPJwRo85GApI,https://api.spotify.com/v1/audio-analysis/3SZVevGYMrnPJwRo85GApI,275574,4
Sueño Contigo,Yeahman,spotify:track:1QkDW50jqNtCFSo5zLcpPS,0.773,0.655,10,-9.337,0,0.0631,0.476,0.00912,0.174,0.273,93.018,audio_features,1QkDW50jqNtCFSo5zLcpPS,spotify:track:1QkDW50jqNtCFSo5zLcpPS,https://api.spotify.com/v1/tracks/1QkDW50jqNtCFSo5zLcpPS,https://api.spotify.com/v1/audio-analysis/1QkDW50jqNtCFSo5zLcpPS,271029,4
Sueño Contigo,Aluminé Guerrero,spotify:track:1QkDW50jqNtCFSo5zLcpPS,0.773,0.655,10,-9.337,0,0.0631,0.476,0.00912,0.174,0.273,93.018,audio_features,1QkDW50jqNtCFSo5zLcpPS,spotify:track:1QkDW50jqNtCFSo5zLcpPS,https://api.spotify.com/v1/tracks/1QkDW50jqNtCFSo5zLcpPS,https://api.spotify.com/v1/audio-analysis/1QkDW50jqNtCFSo5zLcpPS,271029,4
Forgive the Moth,Gavinco,spotify:track:04OSGiFif8Nx3uBUflg0yA,0.61,0.188,11,-10.336,1,0.0369,0.905,0.101,0.347,0.184,62.411,audio_features,04OSGiFif8Nx3uBUflg0yA,spotify:track:04OSGiFif8Nx3uBUflg0yA,https://api.spotify.com/v1/tracks/04OSGiFif8Nx3uBUflg0yA,https://api.spotify.com/v1/audio-analysis/04OSGiFif8Nx3uBUflg0yA,258125,4
La Luna Llena (feat. Mercedes Sosa),Gianni Romano,spotify:track:0Jk07UgVM6CRdHpIeUeiEX,0.781,0.707,4,-9.196,0,0.0403,0.0204,0.00965,0.335,0.402,112.049,audio_features,0Jk07UgVM6CRdHpIeUeiEX,spotify:track:0Jk07UgVM6CRdHpIeUeiEX,https://api.spotify.com/v1/tracks/0Jk07UgVM6CRdHpIeUeiEX,https://api.spotify.com/v1/audio-analysis/0Jk07UgVM6CRdHpIeUeiEX,244821,4
La Luna Llena (feat. Mercedes Sosa),Aüra,spotify:track:0Jk07UgVM6CRdHpIeUeiEX,0.781,0.707,4,-9.196,0,0.0403,0.0204,0.00965,0.335,0.402,112.049,audio_features,0Jk07UgVM6CRdHpIeUeiEX,spotify:track:0Jk07UgVM6CRdHpIeUeiEX,https://api.spotify.com/v1/tracks/0Jk07UgVM6CRdHpIeUeiEX,https://api.spotify.com/v1/audio-analysis/0Jk07UgVM6CRdHpIeUeiEX,244821,4
La Luna Llena (feat. Mercedes Sosa),Mercedes Sosa,spotify:track:0Jk07UgVM6CRdHpIeUeiEX,0.781,0.707,4,-9.196,0,0.0403,0.0204,0.00965,0.335,0.402,112.049,audio_features,0Jk07UgVM6CRdHpIeUeiEX,spotify:track:0Jk07UgVM6CRdHpIeUeiEX,https://api.spotify.com/v1/tracks/0Jk07UgVM6CRdHpIeUeiEX,https://api.spotify.com/v1/audio-analysis/0Jk07UgVM6CRdHpIeUeiEX,244821,4
Darte de Mí,Sandra Bernardo,spotify:track:2zlJxIp4qlsCsjUatScArP,0.616,0.737,4,-6.64,0,0.0366,0.481,6.74e-06,0.118,0.758,79.985,audio_features,2zlJxIp4qlsCsjUatScArP,spotify:track:2zlJxIp4qlsCsjUatScArP,https://api.spotify.com/v1/tracks/2zlJxIp4qlsCsjUatScArP,https://api.spotify.com/v1/audio-analysis/2zlJxIp4qlsCsjUatScArP,211743,4
Darte de Mí,El Búho,spotify:track:2zlJxIp4qlsCsjUatScArP,0.616,0.737,4,-6.64,0,0.0366,0.481,6.74e-06,0.118,0.758,79.985,audio_features,2zlJxIp4qlsCsjUatScArP,spotify:track:2zlJxIp4qlsCsjUatScArP,https://api.spotify.com/v1/tracks/2zlJxIp4qlsCsjUatScArP,https://api.spotify.com/v1/audio-analysis/2zlJxIp4qlsCsjUatScArP,211743,4
Quién Me Escucha,Sandra Bernardo,spotify:track:19e0zVRwZdpid0bGdYXxGi,0.746,0.53,11,-10.645,0,0.272,0.249,0.213,0.0773,0.574,182.02,audio_features,19e0zVRwZdpid0bGdYXxGi,spotify:track:19e0zVRwZdpid0bGdYXxGi,https://api.spotify.com/v1/tracks/19e0zVRwZdpid0bGdYXxGi,https://api.spotify.com/v1/audio-analysis/19e0zVRwZdpid0bGdYXxGi,198150,4
Quién Me Escucha,Eva de Marce,spotify:track:19e0zVRwZdpid0bGdYXxGi,0.746,0.53,11,-10.645,0,0.272,0.249,0.213,0.0773,0.574,182.02,audio_features,19e0zVRwZdpid0bGdYXxGi,spotify:track:19e0zVRwZdpid0bGdYXxGi,https://api.spotify.com/v1/tracks/19e0zVRwZdpid0bGdYXxGi,https://api.spotify.com/v1/audio-analysis/19e0zVRwZdpid0bGdYXxGi,198150,4
Quién Me Escucha,Lagartijeando,spotify:track:19e0zVRwZdpid0bGdYXxGi,0.746,0.53,11,-10.645,0,0.272,0.249,0.213,0.0773,0.574,182.02,audio_features,19e0zVRwZdpid0bGdYXxGi,spotify:track:19e0zVRwZdpid0bGdYXxGi,https://api.spotify.com/v1/tracks/19e0zVRwZdpid0bGdYXxGi,https://api.spotify.com/v1/audio-analysis/19e0zVRwZdpid0bGdYXxGi,198150,4
It's a Joke,YoSoyMatt,spotify:track:20nb4i2WWyPDXhiQTZqlrV,0.755,0.698,5,-6.541,0,0.0444,0.129,0.218,0.0948,0.276,101.996,audio_features,20nb4i2WWyPDXhiQTZqlrV,spotify:track:20nb4i2WWyPDXhiQTZqlrV,https://api.spotify.com/v1/tracks/20nb4i2WWyPDXhiQTZqlrV,https://api.spotify.com/v1/audio-analysis/20nb4i2WWyPDXhiQTZqlrV,256471,4
It's a Joke,Altriparty,spotify:track:20nb4i2WWyPDXhiQTZqlrV,0.755,0.698,5,-6.541,0,0.0444,0.129,0.218,0.0948,0.276,101.996,audio_features,20nb4i2WWyPDXhiQTZqlrV,spotify:track:20nb4i2WWyPDXhiQTZqlrV,https://api.spotify.com/v1/tracks/20nb4i2WWyPDXhiQTZqlrV,https://api.spotify.com/v1/audio-analysis/20nb4i2WWyPDXhiQTZqlrV,256471,4
It's a Joke,Hypsidia,spotify:track:20nb4i2WWyPDXhiQTZqlrV,0.755,0.698,5,-6.541,0,0.0444,0.129,0.218,0.0948,0.276,101.996,audio_features,20nb4i2WWyPDXhiQTZqlrV,spotify:track:20nb4i2WWyPDXhiQTZqlrV,https://api.spotify.com/v1/tracks/20nb4i2WWyPDXhiQTZqlrV,https://api.spotify.com/v1/audio-analysis/20nb4i2WWyPDXhiQTZqlrV,256471,4
Mi Poni,Captain Planet,spotify:track:2mkaIpJfNqzFzVUVQ0tSMc,0.953,0.597,1,-6.302,1,0.158,0.137,0.0282,0.103,0.843,128.016,audio_features,2mkaIpJfNqzFzVUVQ0tSMc,spotify:track:2mkaIpJfNqzFzVUVQ0tSMc,https://api.spotify.com/v1/tracks/2mkaIpJfNqzFzVUVQ0tSMc,https://api.spotify.com/v1/audio-analysis/2mkaIpJfNqzFzVUVQ0tSMc,195469,4
Mi Poni,Zuzuka Poderosa,spotify:track:2mkaIpJfNqzFzVUVQ0tSMc,0.953,0.597,1,-6.302,1,0.158,0.137,0.0282,0.103,0.843,128.016,audio_features,2mkaIpJfNqzFzVUVQ0tSMc,spotify:track:2mkaIpJfNqzFzVUVQ0tSMc,https://api.spotify.com/v1/tracks/2mkaIpJfNqzFzVUVQ0tSMc,https://api.spotify.com/v1/audio-analysis/2mkaIpJfNqzFzVUVQ0tSMc,195469,4
